index,prediction
0,46in
1,"42cm, 200cm"
2,"42cm, 200cm"
3,"42cm, 200cm"
4,90cm
5,90cm
6,90cm
7,137.16cm
8,"40 cm, 30 cm, 15 cm"
9,"40 cm, 30 cm, 15 cm"
10,
11,"6cm, 139.5cm, 41.6cm"
12,"43in, 10 cm"
13,"43in, 10 cm"
14,"43in, 10 cm"
15,
16,
17,
18,240v
19,240v
20,
21,
22,
23,032 cm
24,032 cm
25,"3.8 in, 9 cm"
26,"3.8 in, 9 cm"
27,
28,9.5g
29,
30,
31,
32,"8 in, 14cm"
33,"8 in, 14cm"
34,"8 in, 14cm"
35,
36,1943cm
37,
38,
39,"4in, 90 cm, 42in"
40,"4in, 90 cm, 42in"
41,
42,"48 in, 122 cm, 96 in, 244 cm"
43,"48 in, 122 cm, 96 in, 244 cm"
44,"7 in, 41cm"
45,"8 in, 14 cm"
46,"8 in, 14 cm"
47,"8 in, 14 cm"
48,"35in, 47m"
49,"35in, 47m"
50,"35in, 47m"
51,
52,
53,"5 in, 5in, 125cm, 756 in, 19 cm"
54,"5 in, 5in, 125cm, 756 in, 19 cm"
55,"187.96cm, 96.52cm"
56,
57,"4in, 90cm, 4.2 in, 120 cm"
58,"4in, 90cm, 4.2 in, 120 cm"
59,
60,
61,
62,
63,
64,
65,
66,
67,
68,"4.2in, 10 cm"
69,"4.2in, 10 cm"
70,"4.2in, 10 cm"
71,"9.1 in, 23 cm"
72,"9.1 in, 23 cm"
73,"9.1 in, 23 cm"
74,1500w
75,1500w
76,"4.7 in, 12 cm, 3.1 in, 8 cm"
77,"4.7 in, 12 cm, 3.1 in, 8 cm"
78,
79,
80,
81,243 lbs
82,5.05 kg
83,10 oz
84,"39 in, 98 cm"
85,"39 in, 98 cm"
86,"39 in, 98 cm"
87,
88,
89,
90,"60 cm, 26 cm"
91,7kg
92,"0 mm, 500 mm"
93,
94,
95,"14cm, 12.5cm, 4.92in"
96,"14cm, 12.5cm, 4.92in"
97,6v
98,
99,"14.9 in, 38 cm, 4.33 in, 11 cm"
100,"37in, 6in, 37cm, 35.3cm"
101,
102,
103,"90 cm, 86 cm, 62 cm"
104,"40 cm, 35 cm"
105,"16cm, 20cm"
106,"16cm, 20cm"
107,"110 cm, 60 cm, 7 m"
108,
109,3 cm
110,80 cm
111,
112,650w
113,
114,
115,
116,
117,
118,"10cm, 3.9in"
119,"10cm, 3.9in"
120,
121,7 cm
122,250g
123,660lbs
124,
125,
126,12v
127,"191cm, 129cm"
128,"180 cm, 90 cm"
129,
130,"40 cm, 31 cm"
131,"25.6in, 65cm"
132,"25.6in, 65cm"
133,"25.6in, 65cm"
134,50lbs
135,"0cm, 2.9cm"
136,"0cm, 2.9cm"
137,10cm
138,"29.95 cm, 65 cm, 945 cm"
139,"100mm, 3.93in, 11.5mm, 0.45in"
140,"100mm, 3.93in, 11.5mm, 0.45in"
141,"3cm, 14cm, 4cm, 4cm"
142,"82 in, 55 in, 83.3 cm"
143,"82 in, 55 in, 83.3 cm"
144,"90cm, 35.4in, 3.9in"
145,"90cm, 35.4in, 3.9in"
146,"90cm, 35.4in, 3.9in"
147,
148,50cm
149,50cm
150,
151,74.93cm
152,"7.86 in, 20 cm, 3.14 in, 8 cm"
153,"7.86 in, 20 cm, 3.14 in, 8 cm"
154,10cm
155,10cm
156,"118mm, 35mm"
157,
158,
159,
160,13cm
161,
162,"82cm, 157cm"
163,
164,
165,
166,
167,6kg
168,
169,
170,
171,
172,
173,"7.8 in, 20.0 cm, 1.1 in, 3.0 cm"
174,"7.8 in, 20.0 cm, 1.1 in, 3.0 cm"
175,"14cm, 14m, 14cm"
176,
177,0.79inch
178,
179,"5.9 in, 15 cm, 1.1in, 3.0 cm"
180,"5.9 in, 15 cm, 1.1in, 3.0 cm"
181,
182,60 cm
183,
184,
185,
186,"7.19cm, 2.83inch, 5.08cm, 2inch"
187,"7.19cm, 2.83inch, 5.08cm, 2inch"
188,"2.7 in, 7.0 cm, 11.0 in, 28.0 cm"
189,"2.7 in, 7.0 cm, 11.0 in, 28.0 cm"
190,
191,61cm
192,61cm
193,6.2 lbs
194,"20 cm, 80 cm"
195,"27.4cm, 333m"
196,"27.4cm, 333m"
197,
198,33grams
199,
200,"37.5cm, 14.76in"
201,"37.5cm, 14.76in"
202,"37.5cm, 14.76in"
203,"10 in, 7.4 in, 13.2 in"
204,"10 in, 7.4 in, 13.2 in"
205,
206,
207,
208,352 g
209,
210,"213.5mm, 85.7mm"
211,
212,"128cm, 75cm, 25cm"
213,
214,"30 cm, 60 cm"
215,"30 cm, 60 cm"
216,
217,
218,
219,
220,"8.1 inch, 27cm"
221,"8.1 inch, 27cm"
222,"43.18cm, 41.91cm, 90.17cm"
223,50.7 lbs
224,3ft
225,3ft
226,26cm
227,
228,16.8 kg
229,
230,
231,3 cm
232,
233,70 cm
234,70 cm
235,
236,72 cm
237,183 cm
238,183 cm
239,"60 cm, 60cm"
240,"60 cm, 60cm"
241,60 cm
242,"7cm, 21.5cm, 8.46in"
243,"7cm, 21.5cm, 8.46in"
244,"7.4in, 19 cm"
245,"15.1 cm, 7.6 cm"
246,"15.1 cm, 7.6 cm"
247,"78 cm, 76in, 12 in, 19in"
248,60 cm
249,"2.32 in, 5.9 cm, 4.6 in, 11.7 cm"
250,"2.32 in, 5.9 cm, 4.6 in, 11.7 cm"
251,
252,
253, l
254,"35 cm, 70 cm"
255,16cm
256,16cm
257,16cm
258,76 cm
259,76 cm
260,"135 lbs, 33 lbs"
261,"135 lbs, 33 lbs"
262,"80 cm, 5 cm"
263,
264,
265,"2.55 in, 6.5 cm, 2.3 in, 6 cm"
266,"2.55 in, 6.5 cm, 2.3 in, 6 cm"
267,"6 in, 15.3 in, 5 cm, 39 cm, 9.8 in, 25 cm"
268,"20 cm, 8 cm"
269,"20 cm, 8 cm"
270,"2.75in, 7 cm, 5.90 in, 15 cm"
271,"2.75in, 7 cm, 5.90 in, 15 cm"
272,"2.75in, 7 cm, 5.90 in, 15 cm"
273,
274,"1.5 in, 4.0 cm, 6.4 in, 16.5 cm"
275,"1.5 in, 4.0 cm, 6.4 in, 16.5 cm"
276,
277,
278,
279,"1.9 in, 5.0 cm, 8.2 in, 21 cm"
280,"1.9 in, 5.0 cm, 8.2 in, 21 cm"
281,
282,8 in
283,8 in
284,
285,"11cm, 16.5cm, 17cm"
286,"68 cm, 62 in, 10.63in, 27 cm, 73in, 425cm"
287,
288,
289,
290,
291,"39cm, 15.3in, 9cm, 3.5in"
292,"39cm, 15.3in, 9cm, 3.5in"
293,"965g, 120kg"
294,"4.4 in, 11.2 cm, 2.55 in, 6.5 cm"
295,"4.4 in, 11.2 cm, 2.55 in, 6.5 cm"
296,
297,
298,
299,
300,
301,
302,
303,
304,"9.5cm, 3.74inch, 2cm, 47inch"
305,
306,
307,"2m, 584cm"
308,45 lb
309,"0.9 in, 2.2 cm, 1.8 in, 4.5 cm"
310,"0.9 in, 2.2 cm, 1.8 in, 4.5 cm"
311,"80 cm, 5 cm"
312,3.75lbs
313,
314,"21cm, 8.3in, 1.96in"
315,"21cm, 8.3in, 1.96in"
316,"21cm, 8.3in, 1.96in"
317,15.2cm
318,15.2cm
319,"7kg, 1700g"
320,"2.95in, 20cm, 7.86in"
321,"2.95in, 20cm, 7.86in"
322,"105in, 5in"
323,
324,
325,"15.5cm, 6.1in, 11.5cm, 4.53in"
326,"15.5cm, 6.1in, 11.5cm, 4.53in"
327,7cm
328,7cm
329,7cm
330,
331,
332,"40cm, 15.72in, 15cm, 5.89in"
333,"40cm, 15.72in, 15cm, 5.89in"
334,120w
335,120w
336,
337,"0.7 in, 2.0 cm, 4.9 in, 12.5 cm"
338,"0.7 in, 2.0 cm, 4.9 in, 12.5 cm"
339,
340,
341,
342,25cm
343,25cm
344,25cm
345,120cm
346,08.5cm
347,08.5cm
348,08.5cm
349,
350,2.8 inch
351,2.8 inch
352,
353,
354,
355,"2.95inch, 12inch"
356,"2.95inch, 12inch"
357,"5.0in, 12.6cm, 3.1in, 7.8cm"
358,"5.0in, 12.6cm, 3.1in, 7.8cm"
359,
360,"0.59 in, 1.5 cm, 0.78 in, 2 cm"
361,"0.59 in, 1.5 cm, 0.78 in, 2 cm"
362,
363,800 lb
364,"74cm, 80cm, 30cm"
365,"35 cm, 35 cm"
366,"35 cm, 35 cm"
367,"35 cm, 35 cm"
368,
369,"24 cm, 60 cm"
370,"64 cm, 5 cm"
371,"64 cm, 5 cm"
372,
373,"7.0 in, 4.0 cm"
374,"7.0 in, 4.0 cm"
375,57 cm
376,3kg
377,12v
378,12v
379,"12 cm, 2.4 in, 6.1 cm"
380,"12 cm, 2.4 in, 6.1 cm"
381,"12 cm, 2.4 in, 6.1 cm"
382,"60 cm, 9 cm"
383,18g
384,24v
385,24v
386,14cm
387,14cm
388,
389,
390,
391,"100 cm, 40  cm"
392,"100 cm, 40  cm"
393,11.5cm
394,11.5cm
395,11.5cm
396,12lbs
397,
398,
399,
400,
401,
402,226.8g
403,"20cm, 120cm"
404,"7.9cm, 22.2cm"
405,"7.9cm, 22.2cm"
406,
407,
408,
409,5 cm
410,5 cm
411,5 cm
412,"146cm, 109cm"
413,135mm
414,
415,
416,
417,
418,"2.2 in, 5.5 cm, 8.3 in, 21.0 cm"
419,"2.2 in, 5.5 cm, 8.3 in, 21.0 cm"
420,
421,
422,
423,"27 in, 69 cm"
424,"27 in, 69 cm"
425,"27 in, 69 cm"
426,5g
427,"11cm, 7cm, 7cm"
428,"1.3 in, 3.3 cm, 3.14 in, 8 cm"
429,"1.3 in, 3.3 cm, 3.14 in, 8 cm"
430,300 cm
431,"63 cm, 30 cm"
432,3.9inch
433,3.9inch
434,"3.9 in, 10 cm, 3.1 in, 8 cm"
435,"3.9 in, 10 cm, 3.1 in, 8 cm"
436,
437,"3.93inch, 20cm, 7.87inch"
438,"3.93inch, 20cm, 7.87inch"
439,"144mm, 48mm"
440,"144mm, 48mm"
441,
442,220v
443,220v
444,
445,
446,
447,20g
448,20g
449,"42cm, 52cm, 28cm"
450,"25 cm, 43 cm, 61 cm"
451,
452,"88cm, 19cm"
453,"120 cm, 30 cm"
454,
455,"3.14 in, 8 cm, 3.74 in, 9.5 cm"
456,"3.14 in, 8 cm, 3.74 in, 9.5 cm"
457,"6.29 in, 16 cm, 8.26 in, 21 cm"
458,"6.29 in, 16 cm, 8.26 in, 21 cm"
459,"60 cm, 0 cm"
460,"60 cm, 0 cm"
461,60 cm
462,60 cm
463,60 cm
464,
465,
466,
467,
468,
469,"9 in, 23 cm, 115.35 in, 39 cm"
470,"9 in, 23 cm, 115.35 in, 39 cm"
471,
472,
473,
474,"35 cm, 60 cm"
475,"13in, 33 cm"
476,"13in, 33 cm"
477,"13in, 33 cm"
478,"4.3in, 13cm, 1in"
479,
480,
481,
482,"60 cm, 5 cm"
483,57 cm
484,
485,
486,
487,"5.9 in, 15.0 cm, 3.9 in, 10.0 cm"
488,"5.9 in, 15.0 cm, 3.9 in, 10.0 cm"
489,"5.9 in, 15.0 cm, 3.9 in, 10.0 cm"
490,"80 cm, 8 cm"
491,"80 cm, 8 cm"
492,12mm
493,12mm
494,12mm
495,
496,"6.37 in, 16.18 cm, 1.41 in, 3.6 cm"
497,"6.37 in, 16.18 cm, 1.41 in, 3.6 cm"
498,"25in, 4cm, 54in, 6 in, 7 cm, 7cm"
499,"25in, 4cm, 54in, 6 in, 7 cm, 7cm"
500,4.8cm
501,
502,12 in
503,12 in
504,
505,
506,"9cm, 44cm"
507,"9cm, 44cm"
508,"7.0 in, 17 cm"
509,"7.0 in, 17 cm"
510,"5 cm, 60 cm"
511,"5 cm, 60 cm"
512,
513,
514,
515,
516,30 cm
517,30 cm
518,20 mm
519,
520,"39.3 in, 99.8 cm, 114 in, 28.96 cm"
521,"39.3 in, 99.8 cm, 114 in, 28.96 cm"
522,"55 in, 5.4in, 116 in, 254cm"
523,"67 cm, 3 cm"
524,"3.5 in, 9.0 cm, 3.9 in, 10 cm"
525,"3.5 in, 9.0 cm, 3.9 in, 10 cm"
526,"3.5 in, 9.0 cm, 3.9 in, 10 cm"
527,"7.07in, 18 cm, 14.93in, 38 cm"
528,"5.1 in, 13.2 cm, 21.2 in, 54 cm"
529,"5.1 in, 13.2 cm, 21.2 in, 54 cm"
530,"5.5 in, 14.2 cm, 2.1 in, 5.5 cm"
531,"5.5 in, 14.2 cm, 2.1 in, 5.5 cm"
532,150g
533,
534,
535,
536,
537,3 cm
538,
539,"594mm, 841mm"
540,
541,"29.7cm, 21mm"
542,"3.5 in, 9.0 cm, 3.9 in, 10 cm"
543,"3.5 in, 9.0 cm, 3.9 in, 10 cm"
544,
545,"60.96cm, 40.64cm, 33.02cm"
546,"60.96cm, 40.64cm, 33.02cm"
547,"60.96cm, 40.64cm, 33.02cm"
548,12v
549,60 cm
550,60 cm
551,"9.8 in, 25 cm, 5.9 in, 15 cm"
552,"9.8 in, 25 cm, 5.9 in, 15 cm"
553,400g
554,"3.4 in, 8.6 cm"
555,"3.4 in, 8.6 cm"
556,
557,
558,"2.3 in, 6 cm, 6 cm, 2.3 in, 3 in, 6 cm"
559,25kg
560,
561,
562,"15.72 in, 40.0 cm, 8.65 in, 22.0 cm"
563,"15.72 in, 40.0 cm, 8.65 in, 22.0 cm"
564,
565,
566,3kg
567,
568,
569,"10cm, 16cm"
570,"10cm, 16cm"
571,
572,
573,
574,
575,
576,
577,"7.8 in, 19 cm"
578,"7.8 in, 19 cm"
579,60 cm
580,60 cm
581,
582,
583,
584,
585,
586,100 g
587,
588,
589,
590,
591,
592,"60 cm, 26 cm"
593,"170 cm, 54cm"
594,"170 cm, 54cm"
595,"5.9 in, 15 cm, 10.8 in, 27.5 cm"
596,"5.9 in, 15 cm, 10.8 in, 27.5 cm"
597,
598,
599,
600,
601,
602,
603,"30 cm, 30 cm"
604,22cm
605,22cm
606,22cm
607,12v
608,12v
609,36 cm
610,36 cm
611,"2.01cm, 54.99cm"
612,
613,
614,
615,
616,
617,2.65lbs
618,"11 in, 26 cm"
619,"11 in, 26 cm"
620,
621,25w
622,"7.8 in, 20 cm, 3.9 in, 10 cm"
623,"7.8 in, 20 cm, 3.9 in, 10 cm"
624,"8.4 in, 21.5 cm, 2.8 in, 7.3 cm"
625,"8.4 in, 21.5 cm, 2.8 in, 7.3 cm"
626,5 g
627,"80 cm, 35 cm, 38 cm"
628,"80 cm, 35 cm, 38 cm"
629,
630,
631,180 cm
632,
633,
634,27cm
635,27cm
636,"30 cm, 36 cm"
637,
638,30 in
639,
640,
641,
642,
643,"74cm, 120cm, 180cm"
644,
645,
646,
647,
648,
649,
650,40w
651,
652,40w
653,25g
654,580g
655,
656,
657,13 cm
658,"80 cm, 80 cm, 6 in"
659,44cm
660,44cm
661,"13cm, 8cm"
662,26cm
663,26cm
664,26cm
665,160 cm
666,
667,"5cm, 7cm"
668,"5cm, 7cm"
669,
670, ml
671,
672,
673,
674,
675,"100 cm, 55cm, 4in, 7in, 17in"
676,"100 cm, 55cm, 4in, 7in, 17in"
677,
678,
679,47.24in
680,"15.1 cm, 7.6 cm"
681,"15.1 cm, 7.6 cm"
682,"1.25 in, 3.2 cm, 4.7 in, 12 cm"
683,"1.25 in, 3.2 cm, 4.7 in, 12 cm"
684,
685,
686,
687,"90 cm, 6 cm"
688,"11 in, 27.9 cm, 8.5 in, 21.6 cm"
689,
690,
691,14mm
692,"2kg, 8kg"
693,68 cm
694,68 cm
695,
696,
697,"13cm, 18cm"
698,
699,
700,
701,
702,"9 cm, 6 cm"
703,"9 cm, 6 cm"
704,"9 cm, 6 cm"
705,"7.87in, 20cm, 2.67in, 6.8cm"
706,"7.87in, 20cm, 2.67in, 6.8cm"
707,"80 cm, 8 cm"
708,"1 in, 42 cm, 6.8 in, 17.3 cm"
709,"1 in, 42 cm, 6.8 in, 17.3 cm"
710,80 cm
711,
712,
713,15 cm
714,15 cm
715,15 cm
716,"88cm, 4.5cm, 36cm"
717,"17 in, 2 cm, 23in, 58.4 cm"
718,"17 in, 2 cm, 23in, 58.4 cm"
719,
720,"11.8 in, 30.0 cm, 3.5 in, 9.0 cm"
721,"11.8 in, 30.0 cm, 3.5 in, 9.0 cm"
722,
723,12gb
724,12gb
725,
726,
727,
728,
729,25.2 v
730,25.2 v
731,"95.25cm, 101.6cm"
732,"95.25cm, 101.6cm"
733,
734,
735,15.5cm
736,17cm
737,5mm
738,8mm
739,
740,
741,"3.5 in, 9.0 cm, 3.9 in, 10 cm"
742,"3.5 in, 9.0 cm, 3.9 in, 10 cm"
743,
744,
745,
746,24g
747,"35mm, 35mm, 5mm"
748,"35mm, 35mm, 5mm"
749,"11 in, 27.9 cm, 14in, 35.5cm"
750,"11 in, 27.9 cm, 14in, 35.5cm"
751,49.6g
752,
753,"5.9 in, 15.0 cm, 3.9 in, 10.0 cm"
754,"5.9 in, 15.0 cm, 3.9 in, 10.0 cm"
755,"0.7 in, 1.8 cm, 0.5 in, 1.4 cm"
756,"0.7 in, 1.8 cm, 0.5 in, 1.4 cm"
757,"10 in, 24 cm"
758,"10 in, 24 cm"
759,"10 in, 24 cm"
760,6g
761,
762,
763,"48.01cm, 59.94cm, 120cm"
764,
765,40 cm
766,"2.75in, 7 cm, 3.9in, 10 cm"
767,"2.75in, 7 cm, 3.9in, 10 cm"
768,
769,
770,
771,110v
772,110v
773,
774,
775,
776,
777,"4.0cm, 3.4cm, 9.5cm, 1.5cm"
778,
779,
780,
781,"162mm, 6.37inch, 81mm, 3.18inch"
782,"162mm, 6.37inch, 81mm, 3.18inch"
783,
784,"19in, 47 cm"
785,"19in, 47 cm"
786,"19in, 47 cm"
787,
788,3.8 in
789,3.8 in
790,3.8 in
791,"5.1 in, 13 cm, 5.9 in, 15 cm"
792,"5.1 in, 13 cm, 5.9 in, 15 cm"
793,"9 in, 23 cm, 115.35 in, 39 cm"
794,"9 in, 23 cm, 115.35 in, 39 cm"
795,
796,12cm
797,12cm
798,12cm
799,
800,
801,
802,
803,"26 in, 64 cm"
804,"26 in, 64 cm"
805,"26 in, 64 cm"
806,"11.375in, 12in, 305cm"
807,"13cm, 28.5cm, 5cm"
808,
809,
810,
811,
812,
813,
814,
815,
816,
817,
818,4 oz
819,60 cm
820,60 cm
821,60 cm
822,12v
823,12v
824,
825,
826,
827,"320 cm, 40 cm"
828,
829,
830,
831,8cm
832,
833,
834,
835,
836,25mm
837,25mm
838,25mm
839,"29.5 in, 75 cm, 43.3 in, 19.7 in, 110 cm, 50 cm"
840,"29.5 in, 75 cm, 43.3 in, 19.7 in, 110 cm, 50 cm"
841,117g
842,
843,
844,
845,
846,57 cm
847,5 kg
848,
849,
850,
851,15g
852,"4.625 in, 11.7 cm, 10.5 in, 20.25 in, 26.7 cm, 51.4 cm"
853,"17cm, 6.5cm, 2.6in"
854,"17cm, 6.5cm, 2.6in"
855,"40 cm, 50cm"
856,"40 cm, 50cm"
857,
858,
859,
860,"0 cm, 0 cm, 0 cm, 0 cm, 0 cm, 0 cm"
861,
862,23cm
863,23cm
864,23cm
865,
866,
867,"4.5cm, 98cm"
868,39in
869,"10.8cm, 5.4cm"
870,"10.8cm, 5.4cm"
871,
872,120cm
873,120cm
874,
875,"40.5cm, 105cm, 47cm"
876,40 cm
877,
878,"5cm, 60 cm"
879,"15cm, 9in, 5cm, 0.98in"
880,
881,
882,"1.3 in, 3.3 cm, 3.14 in, 8 cm"
883,"1.3 in, 3.3 cm, 3.14 in, 8 cm"
884,"16oz, 453g"
885,
886,
887,
888,
889,"47.2inch, 120cm"
890,"47.2inch, 120cm"
891,"47.2inch, 120cm"
892,"4.33inch, 38inch"
893,"4.33inch, 38inch"
894,
895,300 cm
896,300 cm
897,84 cm
898,750g
899,
900,"40 cm, 35 cm"
901,"6cm, 15.5cm"
902,"6cm, 15.5cm"
903,
904,"167cm, 32cm"
905,"167cm, 32cm"
906,"41 in, 103 cm"
907,"41 in, 103 cm"
908,"41 in, 103 cm"
909,"88 cm, 3 cm"
910,60 cm
911,
912,220v
913,220v
914,
915,"12.9 in, 33 cm, 2.75 in, 7 cm"
916,"12.9 in, 33 cm, 2.75 in, 7 cm"
917,
918,
919,"220v, 5 w"
920,"220v, 5 w"
921,5 cm
922,5 cm
923,"40 cm, 30 cm, 15 cm"
924,
925,120cm
926,
927,
928,"9.2 in, 23 cm"
929,"9.2 in, 23 cm"
930,"9.2 in, 23 cm"
931,"1 in, 30 cm"
932,
933,
934,
935,
936,"30cm, 11.82in, 18cm, 7.09in"
937,"30cm, 11.82in, 18cm, 7.09in"
938,
939,
940,
941,
942,
943,"7.8 in, 20 cm, 7.8 in, 20 cm"
944,"3 in, 7.5 cm, 3 in, 7.5 cm"
945,
946,
947,
948,"0.98 in, 2.5 cm, 1.18 in"
949,"0.98 in, 2.5 cm, 1.18 in"
950,"3.9 in, 10 cm, 5.9 in, 15 cm"
951,"3.9 in, 10 cm, 5.9 in, 15 cm"
952,70 cm
953,70 cm
954,"120 cm, 30 cm"
955,"120 cm, 30 cm"
956,"190.37mm, 7.62in"
957,"190.37mm, 7.62in"
958,
959,
960,"27.5cm, 10.82in"
961,"27.5cm, 10.82in"
962,28cm
963,28cm
964,28cm
965,"2.75in, 7 cm, 3.9in, 10 cm"
966,"2.75in, 7 cm, 3.9in, 10 cm"
967,
968,
969,37 in
970,
971,
972,"3.9in, 10cm, 2.75in, 7cm"
973,"3.9in, 10cm, 2.75in, 7cm"
974,"3.9in, 10cm, 2.75in, 7cm"
975,
976,8 in
977,8 in
978,
979,
980,
981,"2.7 in, 7.0 cm, 1.9 in, 5.0 cm"
982,"2.7 in, 7.0 cm, 1.9 in, 5.0 cm"
983,
984,"48cm, 203.2cm, 152.4cm"
985,
986,1.85in
987,18cm
988,18cm
989,"11 in, 10.5 in, 26.67 cm, 10.5 cm"
990,
991,"13cm, 3.34in, 8.5cm"
992,"13cm, 3.34in, 8.5cm"
993,"13cm, 3.34in, 8.5cm"
994,1.5 feet
995,1.5 feet
996,
997,
998,
999,
1000,
1001,16lb
1002,"3.74 in, 9.5 cm, 3.9 in, 10 cm"
1003,"3.74 in, 9.5 cm, 3.9 in, 10 cm"
1004,
1005,
1006,88 cm
1007,0.18lb
1008,"570 mm, 19.3m, 490mm"
1009,"5 in, 22 cm, 25 m"
1010,"5 in, 22 cm, 25 m"
1011,
1012,
1013,
1014,
1015,"105cm, 47cm, 5cm, 23cm"
1016,
1017,
1018,21g
1019,"75.01cm, 78.99cm"
1020,
1021,
1022,"148 mm, 150 mm"
1023,"148 mm, 150 mm"
1024,"44.96cm, 03cm, 80.96cm"
1025,
1026,
1027,
1028,
1029,"1.77in, 17.68in, 45cm"
1030,"1.77in, 17.68in, 45cm"
1031,"96 cm, 5 cm"
1032,"17w, 230v"
1033,"17w, 230v"
1034,
1035,60 cm
1036,
1037,
1038,
1039,
1040,"175cm, 5in, 14cm, 27.6in"
1041,"129 cm, 07 in"
1042,"5.9 in, 15 cm"
1043,"5.9 in, 15 cm"
1044,"540m, 30 cm, 15.7in"
1045,1 w
1046,
1047,12w
1048,12w
1049,
1050,
1051,"9cm, 7cm, 29.5cm"
1052,
1053,
1054,"100 cm, 3 cm"
1055,"6 cm, 25 cm, 6 cm"
1056,7.2in
1057,7.2in
1058,
1059,
1060,
1061,
1062,
1063,
1064,"128cm, 14cm, 55cm, 29cm, 49cm, 17cm"
1065,
1066,"44cm, 23cm"
1067,"44cm, 23cm"
1068,
1069,"4.5 in, 11.5 cm, 7.0 in, 18.0 cm"
1070,"4.5 in, 11.5 cm, 7.0 in, 18.0 cm"
1071,"4.5 in, 11.5 cm, 7.0 in, 18.0 cm"
1072,"78.7 in, 200 cm"
1073,"78.7 in, 200 cm"
1074,
1075,
1076,"70cm, 94cm, 170cm"
1077,
1078,
1079,
1080,
1081,
1082,
1083,52 cm
1084,"2.8 in, 7.2 cm, 4.7 in, 12.0 cm"
1085,"2.8 in, 7.2 cm, 4.7 in, 12.0 cm"
1086,"10cm, 3.93in"
1087,"10cm, 3.93in"
1088,"10cm, 3.93in"
1089,
1090,"7.9 in, 20.1 cm, 11.6 in, 29.5 cm"
1091,"7.9 in, 20.1 cm, 11.6 in, 29.5 cm"
1092,"6mm, 6mm"
1093,
1094,"9 cm, 6 cm"
1095,"9 cm, 6 cm"
1096,"9 cm, 6 cm"
1097,"37.4in, 52.4 in, 153 cm, 8.9 in, 23cm, 37.1 in, 94 cm, 60.1 in"
1098,
1099,
1100,6lbs
1101,
1102,
1103,
1104,68 cm
1105,68 cm
1106,"2.63in, 6 cm, 5.9in"
1107,"2.63in, 6 cm, 5.9in"
1108,
1109,
1110,
1111,
1112,"45 cm, 6 cm, 36.5 cm"
1113,
1114,"24 cm, 80 cm, 192 cm"
1115,"6.4 in, 16.5 cm, 7.47 in, 19 cm"
1116,"6.4 in, 16.5 cm, 7.47 in, 19 cm"
1117,"10 in, 25 cm"
1118,"10 in, 25 cm"
1119,"10 in, 25 cm"
1120,"4.7in, 12cm, 2.36in, 6cm"
1121,"4.7in, 12cm, 2.36in, 6cm"
1122,"80 cm, 50 cm, 6 in"
1123,9 kg
1124,"107cm, 36cm, 48cm"
1125,"5 cm, 55 cm, 5 cm"
1126,
1127,
1128,"60 cm, 26 cm"
1129,
1130,
1131,
1132,47cm
1133,47cm
1134,47cm
1135,
1136,8cm
1137,8cm
1138,14cm
1139,14cm
1140,"50 cm, 4 in, 19.7in"
1141,"17cm, 6.7in, 6.5cm, 2.6in"
1142,"17cm, 6.7in, 6.5cm, 2.6in"
1143,"2.75in, 7 cm, 7.87 in, 20 cm"
1144,"2.75in, 7 cm, 7.87 in, 20 cm"
1145,
1146,23cm
1147,
1148,
1149,29.5cm
1150,29.5cm
1151,29.5cm
1152,"45 cm, 45 cm, 35 cm, 24 cm, 24 cm, 9 cm"
1153,"45 cm, 45 cm, 35 cm, 24 cm, 24 cm, 9 cm"
1154,19.5cm
1155,
1156,"120 cm, 60 cm"
1157,"3 in, 7.5 cm"
1158,"3 in, 7.5 cm"
1159,
1160,76cm
1161,76cm
1162,76cm
1163,
1164,
1165,
1166,11.6in
1167,11.6in
1168,11.6in
1169,
1170,"3.9 in, 10 cm"
1171,"3.9 in, 10 cm"
1172,"25.5cm, 8cm"
1173,"25.5cm, 8cm"
1174,"60cm, 138cm"
1175,
1176,
1177,"110 cm, 38 cm"
1178,"10.62 in, 27.00 cm, 9.84 in, 25.00 cm"
1179,"10.62 in, 27.00 cm, 9.84 in, 25.00 cm"
1180,
1181,
1182,
1183,"98 cm, 0 cm"
1184,
1185,
1186,"15 in, 25 in"
1187,"15 in, 25 in"
1188,
1189,
1190,
1191,
1192,"180 cm, 0 cm"
1193,"180 cm, 0 cm"
1194,"8 cm, 60 cm"
1195,"8 cm, 60 cm"
1196,"3.14in, 8 cm, 2.36in, 6cm"
1197,"3.14in, 8 cm, 2.36in, 6cm"
1198,"3.14in, 8 cm, 2.36in, 6cm"
1199,"45.72cm, 45.72cm, 48.28cm"
1200,"45.72cm, 45.72cm, 48.28cm"
1201,
1202,40cm
1203,
1204,"5 cm, 6 cm"
1205,"5 cm, 6 cm"
1206,"35 cm, 5 cm"
1207,"35 cm, 5 cm"
1208,"22in, 26in"
1209,"22in, 26in"
1210,
1211,1g
1212,20 cm
1213,
1214,
1215,60 cm
1216,60 cm
1217,115 gram
1218,
1219,"3.93 in, 10 cm, 2.75 in, 7 cm"
1220,"3.93 in, 10 cm, 2.75 in, 7 cm"
1221,19cm
1222,19cm
1223,0.6kg
1224,
1225,
1226,"4.8cm, 1.89in"
1227,"4.8cm, 1.89in"
1228,"4.8cm, 1.89in"
1229,"9.6 in, 24.4cm, 4in, 0 cm, 124in, 31.4 cm"
1230,"18 in, 45 cm, 24 in, 60 cm"
1231,"18 in, 45 cm, 24 in, 60 cm"
1232,
1233,28g
1234,"2cm, 8cm, 101.6cm"
1235,
1236,42cm
1237,42cm
1238,
1239,28cm
1240,
1241,
1242,
1243,3 cm
1244,3 cm
1245,
1246,700 cm
1247,700 cm
1248,"5.7 in, 14.5 cm, 4.9 in, 12.5 cm"
1249,"5.7 in, 14.5 cm, 4.9 in, 12.5 cm"
1250, l
1251,"12cm, 6cm"
1252,"12cm, 6cm"
1253,203g
1254,3kg
1255,350lbs
1256,"16in, 20in"
1257,"13cm, 8cm"
1258,"13cm, 8cm"
1259,
1260,"2.4 in, 6 cm, 0.8 in, 2 cm"
1261,"2.4 in, 6 cm, 0.8 in, 2 cm"
1262,"68 cm, 23.62 in, 10.63in, 27 cm, 16.73in"
1263,
1264,
1265,
1266,45cm
1267,45cm
1268,"177.98cm, 35.61cm, 63.09cm"
1269,"177.98cm, 35.61cm, 63.09cm"
1270,
1271,
1272,
1273,
1274,"150mm, 89mm"
1275,"150mm, 89mm"
1276,"150mm, 89mm"
1277,
1278,
1279,
1280,
1281,34.22 oz
1282,0.6lb
1283,
1284,
1285,
1286,
1287,
1288,60 cm
1289,8lb
1290,170g
1291,"22cm, 33cm"
1292,"22cm, 33cm"
1293,
1294,"9.6cm, 14.8cm, 2.5cm, 6.5cm"
1295,"78.96cm, 91.95cm, 187.96cm"
1296,"10.5 in, 26.67 cm, 7.88 in, 20.02 cm"
1297,"10.5 in, 26.67 cm, 7.88 in, 20.02 cm"
1298,"5 in, 25in"
1299,"5 in, 25in"
1300,60 cm
1301,60 cm
1302,
1303,152.4 cm
1304,"220v, 750w"
1305,160 cm
1306,160 cm
1307,
1308,
1309,
1310,
1311,
1312,
1313,
1314,"51.5 in, 80 cm, 15.8in, 15.8 in, 40cm"
1315,"3.3in, 8 cm"
1316,"3.3in, 8 cm"
1317,"3.3in, 8 cm"
1318,98 cm
1319,98 cm
1320,
1321,25cm
1322,25cm
1323,
1324,"9.2 in, 23.5 cm, 2.5 in, 6.5 cm"
1325,"9.2 in, 23.5 cm, 2.5 in, 6.5 cm"
1326,
1327,
1328,128mm
1329,"12.2cm, 2cm, 3.5cm"
1330,0 kg
1331,
1332,
1333,210 cm
1334,210 cm
1335,"5.98 in, 15.2 cm, 1.85 in, 4.7 cm"
1336,"5.98 in, 15.2 cm, 1.85 in, 4.7 cm"
1337,"60 cm, 3 cm"
1338,"60 cm, 3 cm"
1339,3.5lbs
1340,"110 cm, 50 cm"
1341,3g
1342,"105 cm, 4 cm"
1343,"6.5cm, 8cm"
1344,"6.1in, 12 in"
1345,"6.1in, 12 in"
1346,
1347,
1348,
1349,
1350,
1351,
1352,
1353,
1354,"1.77in, 5.89in, 15cm"
1355,"1.77in, 5.89in, 15cm"
1356,"6.0 in, 15 cm"
1357,"6.0 in, 15 cm"
1358,"6.0 in, 15 cm"
1359,"90 cm, 60 cm"
1360,145mm
1361,145mm
1362,"8mm, 6mm"
1363,
1364,"30 in, 75 cm"
1365,"30 in, 75 cm"
1366,"30 in, 75 cm"
1367,
1368,"4v, 15.4v"
1369,21g
1370,
1371,
1372,1.97in
1373,"50 cm, 34 cm"
1374,"50 cm, 34 cm"
1375,"50 cm, 34 cm"
1376,"30.48cm, 24cm, 6.35cm"
1377,"244 cm, 038 mm"
1378,"244 cm, 038 mm"
1379,
1380,"95m, 15.79in, 16.78in, 46cm"
1381,"95m, 15.79in, 16.78in, 46cm"
1382,"5 cm, 50 cm"
1383,22in
1384,
1385,
1386,"43cm, 54cm, 39cm"
1387,
1388,
1389,
1390,
1391,160cm
1392,
1393,"100 cm, 50 cm"
1394,"100 cm, 50 cm"
1395,
1396,"21 cm, 14 cm, 5.5 cm"
1397,"21 cm, 14 cm, 5.5 cm"
1398,
1399,"48.01cm, 45.72cm, 45.72cm"
1400,1.8kg
1401,"9.8 in, 25 cm"
1402,"9.8 in, 25 cm"
1403,5w
1404,66 cm
1405,
1406,
1407,
1408,"13cm, 15cm"
1409,"13cm, 15cm"
1410,12v
1411,12v
1412,
1413,
1414,
1415,74 cm
1416,
1417,"60 cm, 11 cm"
1418,"60 cm, 11 cm"
1419,"50 cm, 50 cm"
1420,"50 cm, 50 cm"
1421,850g
1422,850g
1423,"0.74m, 0.74m, 0.42m, 0.14m"
1424,
1425,
1426,
1427,"4 cm, 45 cm"
1428,"4 cm, 45 cm"
1429,
1430,
1431,
1432,140 cm
1433,140 cm
1434,12cm
1435,8 cm
1436,8 cm
1437,
1438,
1439,
1440,
1441,9 cm
1442,9 cm
1443,"330 mm, 455 mm"
1444,
1445,
1446,
1447,
1448,
1449,"33cm, 28cm, 23cm"
1450,24g
1451,75cm
1452,
1453,17cm
1454,17cm
1455,"50 inch, 128cm"
1456,"50 inch, 128cm"
1457,"50 inch, 128cm"
1458,
1459,
1460,"43cm, 7cm, 38.5cm, 37cm, 21cm"
1461,"7.1 in, 18.0 cm, 3.3 in, 8.5 cm"
1462,"7.1 in, 18.0 cm, 3.3 in, 8.5 cm"
1463,"22cm, 22.5cm, 2cm"
1464,10.26v
1465,10.26v
1466,"3in, 6in"
1467,
1468,
1469,"33cm, 41cm"
1470,"33cm, 41cm"
1471,"25mm, 168mm, 94mm"
1472,461.0kg
1473,"66cm, 33cm"
1474,"30cm, 12in"
1475,"30cm, 12in"
1476,
1477,
1478,
1479,
1480,
1481,"57mm, 50mm"
1482,"57mm, 50mm"
1483,"57mm, 50mm"
1484,"78 cm, 30 cm"
1485,"78 cm, 30 cm"
1486,100kg
1487,
1488,"18v, 8v"
1489,"205mm, 8.07inch"
1490,"205mm, 8.07inch"
1491,"157cm, 25cm, 55cm"
1492,
1493,
1494,
1495,
1496,"12 inch, 9.5 inch"
1497,
1498,"600 mg, 250 g"
1499,"2.1 in, 5.5 cm, 1.5 in, 3.8 cm"
1500,"2 in, 5 cm"
1501,"2 in, 5 cm"
1502,"90 cm, 55 cm"
1503,
1504,
1505,"300 mm, 8 mm"
1506,218g
1507,"0.8in, 3.5in, 8.6in, 2.5in"
1508,"5 cm, 9 cm"
1509,"5 cm, 9 cm"
1510,
1511,18cm
1512,18cm
1513,"264mm, 320mm"
1514,12v
1515,12v
1516,
1517,"10.22 in, 26.0 cm, 1.97 in, 5.0 cm"
1518,"10.22 in, 26.0 cm, 1.97 in, 5.0 cm"
1519,"2cm, 11cm"
1520,"82.5cm, 57 cm"
1521,12v
1522,
1523,18cm
1524,18cm
1525,
1526,
1527,
1528,397g
1529,
1530,
1531,
1532,
1533,
1534,
1535,
1536,
1537,"4.7in, 12cm, 11.8in, 30cm"
1538,"4.7in, 12cm, 11.8in, 30cm"
1539,
1540,
1541,
1542,
1543,
1544,215cm
1545,"5 cm, 120 cm"
1546,
1547,
1548,
1549,
1550,
1551,"3.15in, 94in"
1552,
1553,
1554,
1555,"4gb, 64gb, 128gb"
1556,"4gb, 64gb, 128gb"
1557,"8.3 in, 21.0 cm, 2.4in, 6.0 cm"
1558,"8.3 in, 21.0 cm, 2.4in, 6.0 cm"
1559,"8.3 in, 21.0 cm, 2.4in, 6.0 cm"
1560,
1561,"150kg, 330lbs"
1562,"24 cm, 80 cm, 192 cm"
1563,"9.8cm, 3.86in, 7.2cm, 2.83in"
1564,"9.8cm, 3.86in, 7.2cm, 2.83in"
1565,
1566,"2.5 in, 6.5 cm, 1.6 in, 4.2 cm"
1567,"2.5 in, 6.5 cm, 1.6 in, 4.2 cm"
1568,"2.5 in, 6.5 cm, 1.6 in, 4.2 cm"
1569,"43cm, 160cm"
1570,"80cm, 24.64cm, 57.66cm"
1571,1.6kg
1572,113 grams
1573,
1574,27.2g
1575,"70mm, 7mm"
1576,"70mm, 7mm"
1577,"22lbs, 18lbs"
1578,
1579,
1580,
1581,
1582,
1583,"35cm, 13.8in"
1584,"35cm, 13.8in"
1585,"35cm, 13.8in"
1586,25.8mm
1587,25.8mm
1588,"5.7 in, 14.5 cm"
1589,"5.7 in, 14.5 cm"
1590,"5.7 in, 14.5 cm"
1591,"8inch, 5.9inch"
1592,107cm
1593,107cm
1594,107cm
1595,
1596,
1597,
1598,"15cm, 166cm"
1599,"15cm, 166cm"
1600,"3cm, 11.8inch"
1601,"3cm, 11.8inch"
1602,"3cm, 11.8inch"
1603,200mm
1604,
1605,"250mm, 30mm, 22mm"
1606,"45cm, 65cm"
1607,3.25 in
1608,3.25 in
1609,3.25 in
1610,"5cm, 76 cm, 33 cm, 37 cm"
1611,1.9 in
1612,"3.9 in, 10 cm"
1613,"3.9 in, 10 cm"
1614,
1615,"8.06in, 6.48in"
1616,"8.06in, 6.48in"
1617,"1500w, 1500w"
1618,
1619,"1500w, 1500w"
1620,"52g, 458 ton"
1621,
1622,
1623,
1624,
1625,
1626,
1627,
1628,
1629,
1630,
1631,"135kg, 22kg"
1632,9g
1633,
1634,
1635,"7.87in, 20cm"
1636,"7.87in, 20cm"
1637,
1638,
1639,350lbs
1640,25.5cm
1641,25.5cm
1642,30cm
1643,
1644,
1645,
1646,59.05in
1647,59.05in
1648,59.05in
1649,"160 cm, 80 cm"
1650,"160 cm, 80 cm"
1651,52 cm
1652,52 cm
1653,
1654,"2.32in, 5.9 cm, 12.65in, 32.2 cm"
1655,"24cm, 9.45in, 8cm, 3.15in"
1656,44 cm
1657,"13 in, 33 cm"
1658,"13 in, 33 cm"
1659,"13 in, 33 cm"
1660,
1661,
1662,
1663,"19 cm, 28 cm"
1664,
1665,
1666,
1667,
1668,"54in, 9cm"
1669,
1670,6cm
1671,6cm
1672,
1673,
1674,15.5cm
1675,
1676,330 lbs
1677,
1678,
1679,"11.02 in, 28 cm"
1680,"11.02 in, 28 cm"
1681,
1682,125g
1683,
1684,24mm
1685,10.8cm
1686,
1687,16mm
1688,16mm
1689,
1690,"110 lb, 50 kg"
1691,30kg
1692,"5.9 in, 15 cm"
1693,"5.9 in, 15 cm"
1694,"5.9 in, 15 cm"
1695,"100 kg, 18.7 kg, 20.7 kg"
1696,"100 kg, 18.7 kg, 20.7 kg"
1697,
1698,12v
1699,12v
1700,
1701,"28 cm, 7 cm"
1702,"28 cm, 7 cm"
1703,"28 cm, 7 cm"
1704,"15.7cm, 20cm, 90cm"
1705,113 g
1706,125mm
1707,125mm
1708,"22cm, 8.6inch"
1709,"3.6m, 2.7m"
1710,"3.6m, 2.7m"
1711,"33cm, 12.99 inch"
1712,"33cm, 12.99 inch"
1713,"1.5 in, 4 cm, 4.7 in, 12 cm"
1714,"1.5 in, 4 cm, 4.7 in, 12 cm"
1715,0.99kg
1716,
1717,"20g, 10g"
1718,12 cm
1719,"8 in, 8 in, 20.5 cm"
1720,
1721,7.5 cm
1722,7.5 cm
1723,
1724,59lb
1725,
1726,150kg
1727,250kg
1728,250kg
1729,
1730,9 cm
1731,0lbs
1732,
1733,
1734,
1735,"26cm, 10.22in"
1736,"26cm, 10.22in"
1737,
1738,
1739,200kg
1740,"5.8 in, 15 cm, 9 in, 23 cm"
1741,"5.8 in, 15 cm, 9 in, 23 cm"
1742,
1743,326g
1744,"120v, 750w"
1745,"120v, 750w"
1746,"7in, 42mm, 340mm, 13.4in"
1747,"7in, 42mm, 340mm, 13.4in"
1748,"7in, 42mm, 340mm, 13.4in"
1749,35mm
1750,35mm
1751,54g
1752,
1753,
1754,"17.8cm, 13cm"
1755,
1756,"19mm, 6mm, 17mm, 8mm, 15mm"
1757,
1758,
1759,
1760,
1761,"13.7cm, 0.7cm, 13.7cm"
1762,"13.7cm, 0.7cm, 13.7cm"
1763,
1764,"8g, 180mg, 5g, 2g, 0g"
1765,
1766,25 mm
1767,"150kg, 330lbs, 3kg"
1768,
1769,
1770,
1771,220v
1772,"13.09 in, 33.3 cm, 4.13 in, 10.5 cm"
1773,"13.09 in, 33.3 cm, 4.13 in, 10.5 cm"
1774,
1775,
1776,"13.8cm, 5.43inch, 12inch"
1777,"20 inch, 27 inch, 12.5 inch"
1778,"20v, 20v"
1779,"20v, 20v"
1780,"18cm, 17cm, 24cm"
1781,"10in, 25cm"
1782,"10in, 25cm"
1783,"249.72mm, 238.54mm"
1784,"249.72mm, 238.54mm"
1785,
1786,79cm
1787,
1788,
1789,"120 lb, 20 lb"
1790,
1791,"37cm, 14.56in"
1792,"37cm, 14.56in"
1793,157.5in
1794,157.5in
1795,"0.9 in, 2.3 cm"
1796,"0.9 in, 2.3 cm"
1797,"110cm, 73m, 63cm"
1798,
1799,
1800,
1801,
1802,
1803,
1804,"11.59 in, 29.5 cm"
1805,"8 cm, 102 cm"
1806,"6 g, 63g"
1807,"19cm, 18cm"
1808,"19cm, 18cm"
1809,"16cm, 6.29in"
1810,"16cm, 6.29in"
1811,"16cm, 6.29in"
1812,150kg
1813,"7.87 in, 20 cm, 10.62 in, 27 cm"
1814,"7.87 in, 20 cm, 10.62 in, 27 cm"
1815,198g
1816,
1817," l,  l"
1818,"7.8 in, 20.0 cm, 7.0 in, 18.0 cm"
1819,"7.8 in, 20.0 cm, 7.0 in, 18.0 cm"
1820,
1821,
1822,
1823,
1824,
1825,"3.14 in, 8.0 cm, 0.98 in, 2.5 cm"
1826,"3.14 in, 8.0 cm, 0.98 in, 2.5 cm"
1827,"6.7cm, 6.7cm"
1828,
1829,"80.5 cm, 67.5 cm, 61.5 cm, 163.5 cm"
1830,
1831,
1832,
1833,
1834,"234in, 697 m"
1835,
1836,6 in
1837,"18.5cm, 5cm"
1838,406g
1839,"103 cm, 23 cm"
1840,5 cm
1841,"1188 cm, 84cm, 84 cm"
1842,"1188 cm, 84cm, 84 cm"
1843,
1844,
1845,
1846,"23.5cm, 9.2in"
1847,"12.5cm, 7cm, 20cm"
1848,"2.7 in, 6.9 cm, 1.4 in, 3.6 cm"
1849,"2.7 in, 6.9 cm, 1.4 in, 3.6 cm"
1850,20cm
1851,20cm
1852,
1853,430mm
1854,430mm
1855,350lbs
1856,
1857,
1858,
1859,"1.2 in, 3.2 cm, 4.1 in, 10.5 cm"
1860,"1.2 in, 3.2 cm, 4.1 in, 10.5 cm"
1861,"45cm, 6.5cm, 55cm"
1862,"26cm, 12.8cm"
1863,
1864,
1865,
1866,7.7lbs
1867,"7.28 in, 18.5 cm, 16.53 in, 42 cm"
1868,"200mm, 7.87inch"
1869,"2.0 in, 5.0 cm, 7.9 in, 20.0 cm"
1870,"2.0 in, 5.0 cm, 7.9 in, 20.0 cm"
1871,9cm
1872,
1873,"4lbs, 30 lbs"
1874,
1875,
1876,
1877,
1878,
1879,9 inch
1880,"3 in, 7.5 cm, 11.4 in, 29 cm"
1881,"3 in, 7.5 cm, 11.4 in, 29 cm"
1882,"3 in, 7.5 cm, 11.4 in, 29 cm"
1883,"13cm, 5.12inch, 30cm"
1884,
1885,"9cm, 11.6cm, 21.6cm"
1886,
1887,"19.5cm, 7cm, 14.5cm, 13cm, 22.5cm"
1888,"2.95 in, 7.5 cm, 5.9 in, 15 cm"
1889,"2.95 in, 7.5 cm, 5.9 in, 15 cm"
1890,"13.5cm, 12.5cm, 20.5cm"
1891,29lbs
1892,275 pound
1893,
1894,"47 cm, 42 cm"
1895,
1896,"130cm, 51.1in, 9in, 14.1in, 36cm, 23cm"
1897,
1898,"1.7 in, 4.5 cm, 1.1 in"
1899,"1.7 in, 4.5 cm, 1.1 in"
1900,"4.7 in, 12 cm, 4.3 in, 11 cm"
1901,"4.7 in, 12 cm, 4.3 in, 11 cm"
1902,"3.5 in, 9.0 cm, 2.9 in, 7.5 cm"
1903,"3.5 in, 9.0 cm, 2.9 in, 7.5 cm"
1904,"200lbs, 25lbs"
1905,"6.7in, 4in"
1906,"6.7in, 4in"
1907,"9inch, 23cm, 3.8inch, 9.7cm"
1908,"9inch, 23cm, 3.8inch, 9.7cm"
1909,"125cm, 49.2in"
1910,"125cm, 49.2in"
1911,
1912,
1913,
1914,
1915,"8in, 15cm, 6in, 2.8in"
1916,
1917,
1918,
1919,"120 cm, 6 cm"
1920,"45mm, 1.77in"
1921,"7.08in, 9cm, 0.74in"
1922,"7.08in, 9cm, 0.74in"
1923,40 ton
1924,
1925,"176cm, 163cm, 5cm, 23.8in, 15.5in"
1926,
1927,"5.9 in, 15 cm, 13.7 in, 35 cm"
1928,"5.9 in, 15 cm, 13.7 in, 35 cm"
1929,59 cm
1930,59 cm
1931,120v
1932,"39 cm, 60 cm, 9 cm, 68 cm, 22 cm, 40 cm"
1933,
1934,
1935,
1936,150kg
1937,
1938,
1939,
1940,35cm
1941,35cm
1942, l
1943,
1944,0 cm
1945,0 cm
1946,"14.5cm, 12cm"
1947,
1948,
1949,
1950,
1951,"1cm, 1cm"
1952,
1953,910g
1954,
1955,"1.49inch, 3.8cm"
1956,
1957,"8cm, 3.14in, 8cm, 3.14in"
1958,"8cm, 3.14in, 8cm, 3.14in"
1959,
1960,"9 inch, 16 inch, 7 inch"
1961,"9 inch, 16 inch, 7 inch"
1962,
1963,
1964,"140 mm, 5.51 inch"
1965,"140 mm, 5.51 inch"
1966,"1.4 in, 3.8 cm"
1967,
1968,"6.5cm, 2.5in"
1969,"8cm, 3.14in, 8cm, 3.14in"
1970,"8cm, 3.14in, 8cm, 3.14in"
1971,"4mm, 26mm, 146mm"
1972,"28mm, 1200mm"
1973,"28mm, 1200mm"
1974,
1975,"61mm, 92mm"
1976,"61mm, 92mm"
1977,"5.5in, 14cm"
1978,
1979,"25cm, 50cm"
1980,"25cm, 50cm"
1981,
1982,
1983,27.45 kg
1984,
1985,
1986,"30 cm, 30 cm"
1987,
1988,
1989,
1990,"5cm, 4cm"
1991,190cm
1992,7 in
1993,"2.5cm, 19.5cm, 6.5cm"
1994,
1995,
1996,180mm
1997,150 cm
1998,"1.2 in, 3 cm"
1999,
2000,
2001,
2002,
2003,"5 cm, 30 cm, 40 cm"
2004,"35 cm, 25 cm, 31.6 cm, 23 cm"
2005,
2006,5w
2007,5w
2008,"1.38inch, 3.5cm"
2009,"1.38inch, 3.5cm"
2010,108cm
2011,108cm
2012,108cm
2013,
2014,6lbs
2015,
2016,
2017,
2018,
2019,
2020,18cm
2021,18cm
2022,18cm
2023,
2024,
2025,
2026,"37 cm, 170 cm, 5 cm, 25 cm"
2027,
2028,
2029,15.00 cm
2030,15.00 cm
2031,
2032,
2033, l
2034,
2035,"25 cm, 5 cm, 22 cm"
2036,
2037,15cm
2038,15cm
2039,"231mm, 120mm"
2040,"231mm, 120mm"
2041,
2042,12.3 kg
2043,150cm
2044,"34.5 in, 88 cm, 10.6 in, 27 cm"
2045,"34.5 in, 88 cm, 10.6 in, 27 cm"
2046,"60cm, 6in"
2047,
2048,
2049,
2050,"25mm, 33mm, 122mm"
2051,3inch
2052,3inch
2053,3inch
2054,40mm
2055,
2056,
2057,
2058,"98cm, 38.6in, 25cm, 9.84in"
2059,"108mm, 133mm"
2060,
2061,40 cm
2062,40 cm
2063,40 cm
2064,
2065,
2066,
2067,12v
2068,"29 in, 73.7 cm, 14in, 35.6 cm, 31 in, 38 in, 78.7 cm, 96.5 cm"
2069,"9.8cm, 14cm"
2070,5 lb
2071,"3.8v, 38v, 3.8v"
2072,"0.59in, 12.2cm, 4.79in"
2073,"0.59in, 12.2cm, 4.79in"
2074,2675v
2075,80 cm
2076,80 cm
2077,
2078,
2079,
2080,3inch
2081,3inch
2082,3inch
2083,
2084,
2085,100 g
2086,"2in, 7in, 22cm"
2087,"2in, 7in, 22cm"
2088,
2089,
2090,
2091,236g
2092,"3 in, 11.4 in, 29 cm"
2093,"3 in, 11.4 in, 29 cm"
2094,
2095,
2096,
2097,
2098,
2099,13mm
2100,13mm
2101,
2102,
2103,0.475kg
2104,
2105,
2106,"80 cm, 40 cm"
2107,"80 cm, 40 cm"
2108,"220mm, 170mm"
2109,"220mm, 170mm"
2110,
2111,14 cm
2112,25kg
2113,
2114,
2115,94mm
2116,94mm
2117,
2118,
2119,"16cm, 25cm, 9cm"
2120,"16cm, 25cm, 9cm"
2121,
2122,
2123,"2.16in, 2.55in"
2124,"2.16in, 2.55in"
2125,10g
2126,
2127,38cm
2128,38cm
2129,38cm
2130,250 g
2131,"16gb, 512gb"
2132,"16gb, 512gb"
2133,200 cm
2134,"1115 cm, 59 cm"
2135,50 hp
2136,50 hp
2137,"18.5 in, 47 cm, 7 in, 18 cm"
2138,"18.5 in, 47 cm, 7 in, 18 cm"
2139,"67mm, 83mm"
2140,"3.3v, 5v, 12v, 12v, 100w, 546w, 6w, 12.5w"
2141,
2142,
2143,
2144,
2145,"20.6cm, 5.5cm, 15cm"
2146,"5cm, 8cm"
2147,1.9in
2148,"6 inch, 4 inch"
2149,"6 inch, 4 inch"
2150,
2151,
2152,"55.1 in, 140 cm, 5.5 in, 14 cm"
2153,"55.1 in, 140 cm, 5.5 in, 14 cm"
2154,"20cm, 38cm, 18cm"
2155,
2156,"4.6 in, 11.7 cm, 2.3 in, 6.0 cm"
2157,12v
2158,
2159,
2160,"1.57in, 4cm, 2.16in, 5.5cm"
2161,"1.57in, 4cm, 2.16in, 5.5cm"
2162,"190cm, 75cm, 65cm, 49cm, 82cm"
2163,
2164,
2165,
2166,"29.5cm, 13cm, 23.7cm"
2167,"10cm, 3.93in, 0.20in"
2168,122cm
2169,"6cm, 2.36in, 12cm, 4.72in"
2170,"6cm, 2.36in, 12cm, 4.72in"
2171,"35cm, 34cm"
2172,
2173,1300w
2174,1300w
2175,21.3cm
2176,21.3cm
2177,21.3cm
2178,0 cm
2179,0 cm
2180,0 cm
2181,
2182,1200w
2183,1200w
2184,8cm
2185,
2186,
2187,
2188,
2189,
2190,
2191,"18cm, 7.08in, 7cm, 2.75in"
2192,"18cm, 7.08in, 7cm, 2.75in"
2193,150cm
2194,20cm
2195,20cm
2196,"5cm, 7cm"
2197,"5cm, 7cm"
2198,"113cm, 58cm"
2199,"113cm, 58cm"
2200,
2201,"97.99cm, 59cm"
2202,
2203,
2204,
2205,
2206,"19cm, 2cm, 13cm, 23cm"
2207,
2208,
2209,"38in, 3.5cm"
2210,"38in, 3.5cm"
2211,
2212,"15 lb, 15 lb"
2213,"024cm, 178cm, 021cm"
2214,"024cm, 178cm, 021cm"
2215,
2216,
2217,
2218,
2219,
2220,120v
2221,120v
2222,"14.17in, 33cm, 12.99in, 63cm, 24.80in"
2223,
2224,
2225,
2226,"163cm, 25cm"
2227,
2228,
2229,23.04 lbs
2230,12v
2231,"26.5 in, 20.5 in, 31.4 in"
2232,7.7in
2233,40 cm
2234,"2.1ft, 65m"
2235,"2.1ft, 65m"
2236,
2237,
2238,
2239,3.3 lbs
2240,16gb
2241,16gb
2242,
2243,"1.8 in, 4.8 cm, 2.7 in, 7.0 cm"
2244,"1.8 in, 4.8 cm, 2.7 in, 7.0 cm"
2245,"1.8 in, 4.8 cm, 2.7 in, 7.0 cm"
2246,"6cm, 11.5cm"
2247,1.55 inch
2248,1.55 inch
2249,
2250,
2251,"26.5cm, 10.5cm"
2252,
2253,"14.3cm, 5.63in"
2254,"5.03 in, 12.8 cm, 2.51 in, 6.4 cm"
2255,"5.03 in, 12.8 cm, 2.51 in, 6.4 cm"
2256,25w
2257,
2258,25w
2259,
2260,
2261,
2262,
2263,8.2lbs
2264,
2265,"3.54in, 9cm, 99in, 33cm"
2266,6cm
2267,
2268,
2269,8.8kg
2270,
2271,
2272,
2273,
2274,
2275,"400 mm, 150 mm"
2276,"400 mm, 150 mm"
2277,
2278,"140 cm, 5 cm"
2279,"20v, 20v"
2280,"120cm, 18cm"
2281,"120cm, 18cm"
2282,
2283,
2284,
2285,
2286,
2287,"300 mm, 572mm"
2288,
2289,"28.5cm, 29.5 cm, 23 cm"
2290,"28.5cm, 29.5 cm, 23 cm"
2291,
2292,
2293,
2294,9in
2295,9in
2296,
2297,
2298,
2299,
2300,80 cm
2301,80 cm
2302,
2303,
2304,
2305,
2306,
2307,
2308,100cm
2309,"174 cm, 31 cm"
2310,"174 cm, 31 cm"
2311,"98cm, 48cm, 66cm"
2312,
2313,454g
2314,"29.87 in, 76.0 cm, 33.8 in, 86.0 cm, 38.44 in, 97.8 cm"
2315,"29g, 16 oz"
2316,"4 in, 10.2 cm, 4 in, 10.2 cm"
2317,"4 in, 10.2 cm, 4 in, 10.2 cm"
2318,2.0 oz
2319,
2320,
2321,
2322,
2323,
2324,"25.5 cm, 32.5 cm, 4.5 cm"
2325,50 cm
2326,50 cm
2327,"45 cm, 23 cm"
2328,"45 cm, 23 cm"
2329,
2330,350lb
2331,
2332,265 lb
2333,71.28mm
2334,71.28mm
2335,"13.6inch, 4.6inch, 4.7inch"
2336,
2337,"1.3cm, 8cm"
2338,"1.3cm, 8cm"
2339,
2340,
2341,"8cm, 3.1in"
2342,"8cm, 3.1in"
2343,
2344,
2345,
2346,"8in, 20.32cm, 54m, 0.70in"
2347,
2348,
2349,6.5 cm
2350,6.5 cm
2351,"4mm, 5.2inch"
2352,"46.85in, 119cm, 28.74in, 73cm, 46.85in, 119cm"
2353,
2354,"117cm, 53cm"
2355,"117cm, 53cm"
2356,
2357,"35 mm, 175mm, 76 mm, 54mm"
2358,
2359,"0g, 6g"
2360,
2361,"41.3in, 17.7in, 4.7in"
2362,"7 in, 7cm, 0.43 in, 13 in, 33cm, 6.8 in"
2363,"58cm, 22.83in, 31cm, 6cm, 99cm"
2364,"4.7 in, 12 cm, 9.8 in, 25 cm"
2365,"4.7 in, 12 cm, 9.8 in, 25 cm"
2366,2kg
2367,
2368,
2369,8 cm
2370,"360 mm, 40 mm, 98 mm"
2371,
2372,
2373,
2374,150kg
2375,"2.4 inch, 13.5cm, 5.3 inch"
2376,"2 cm, 5 cm, 4 cm, 30 cm, 2 cm"
2377,
2378,1.8 lb
2379,
2380,"23cm, 9in"
2381,"23cm, 9in"
2382,
2383,
2384,"22cm, 19cm"
2385,"7.8in, 5.3cm, 3cm, 18in"
2386,
2387,"9.5cm, 3.74inch, 37cm, 14.57inch, 17cm, 6.69inch, 4.2cm"
2388,43 cm
2389,43 cm
2390,43 cm
2391,"0.31 in, 0.8 cm"
2392,"0.31 in, 0.8 cm"
2393,220 lbs
2394,5 in
2395,70 cm
2396,70 cm
2397,"97cm, 81cm, 66cm, 25cm"
2398,
2399,
2400,"42v, 12v"
2401,"40cm, 260cm, 70cm, 50cm"
2402,2.76inch
2403,2.76inch
2404,"40cm, 29cm"
2405,"40cm, 29cm"
2406,1 lb
2407,"12in, 120 in"
2408,"12in, 120 in"
2409,160mm
2410,160mm
2411,21kg
2412,
2413,"12cm, 21cm"
2414,"37cm, 19cm"
2415,"37cm, 19cm"
2416,"3.3in, 8.5cm"
2417,"3.3in, 8.5cm"
2418,"3.3in, 8.5cm"
2419,30 grams
2420,"18.5 in, 47.0 cm, 9.1 in, 23.0 cm"
2421,90g
2422,
2423,32 cm
2424,120cm
2425,120cm
2426,120cm
2427,1000 w
2428,1000 w
2429,"10 inch, 5 inch, 5 inch"
2430,
2431,
2432,
2433,95inch
2434,95inch
2435,7cm
2436,7cm
2437,"11inch, 2.36inch, 0.39inch"
2438,"6.5kg, 12kg"
2439,343g
2440,
2441,
2442,"32cm, 12.59in"
2443,"32cm, 12.59in"
2444,84in
2445,84in
2446,84in
2447,
2448,
2449,
2450,"2.20 in, 5.6 cm, 3.54 in"
2451,"2.20 in, 5.6 cm, 3.54 in"
2452,"60cm, 23.6in, 60cm, 23.6in"
2453,
2454,"41 inch, 73 inch"
2455,"41 inch, 73 inch"
2456,
2457,220v
2458,220v
2459,
2460,
2461,"90 cm, 45 cm"
2462,
2463,"21cm, 8.5cm"
2464,"62mm, 44in, 1.18in"
2465,
2466,
2467,
2468,"10 cm, 120 cm, 30 cm"
2469,"10 cm, 120 cm, 30 cm"
2470,35cm
2471,35cm
2472,35cm
2473,"21mm, 2mm"
2474,"21mm, 2mm"
2475,"6.5cm, 2.5in"
2476,3.6w
2477,3.6w
2478,"32 cm, 22 cm, 11 cm"
2479,
2480,"2.4in, 5.1 in"
2481,"2.4in, 5.1 in"
2482,"29cm, 11.42in"
2483,"29cm, 11.42in"
2484,
2485,
2486,"6in, 6in, 6in"
2487,
2488,"12v, 12 volt, 12 volt"
2489,"3.93 in, 10 cm, 1.96 in, 5 cm"
2490,"3.93 in, 10 cm, 1.96 in, 5 cm"
2491,"3.93 in, 10 cm, 1.96 in, 5 cm"
2492,"80 cm, 55 cm, 56.5 cm"
2493,
2494,
2495,
2496,"80 cm, 240 cm"
2497,
2498,8cm
2499,"8cm, 8cm, 7.2cm"
2500,11.75 inch
2501,11.75 inch
2502,11.75 inch
2503,"130 mm, 93 mm, 186 mm"
2504,
2505,0142g
2506,20w
2507,20w
2508,
2509,"15cm, 5.89in, 8cm, 3.14in"
2510,"15cm, 5.89in, 8cm, 3.14in"
2511,"15cm, 5.89in, 8cm, 3.14in"
2512,
2513,6 oz
2514,
2515,"10cm, 12cm"
2516,"10cm, 12cm"
2517,16gb
2518,16gb
2519,
2520,115 cm
2521,300w
2522,300w
2523,"80cm, 80cm, 280m, 10.2in"
2524,42 oz
2525,60g
2526,"48cm, 14cm, 29cm"
2527,
2528,106lb
2529,5cm
2530,5cm
2531,5cm
2532,250g
2533,"4.72in, 8.07in, 5.12in, 5.9in"
2534,"96mm, 23mm"
2535,"96mm, 23mm"
2536,23cm
2537,
2538,500w
2539,
2540,"41in, 10.5cm, 95 in, 24.10m"
2541,"15.72in, 40cm, 11.67in, 29.7cm"
2542,"15.72in, 40cm, 11.67in, 29.7cm"
2543,"40cm, 40cm"
2544,"40cm, 40cm"
2545,90 cm
2546,90 cm
2547,
2548,"4.7in, 10.2in"
2549,"4.7in, 10.2in"
2550,
2551,"75mm, 33mm, 17mm"
2552,"75mm, 33mm, 17mm"
2553,
2554,"11.8in, 30.7in, 41.7in"
2555,
2556,
2557,110lbs
2558,65g
2559,1 v
2560,1 v
2561,
2562,191g
2563,
2564,
2565,
2566,
2567,
2568,4 cm
2569,4 cm
2570,
2571,27 cm
2572,21.6v
2573,
2574,
2575,16gb
2576,16gb
2577,
2578,"120v, 60w"
2579,"120v, 60w"
2580,"48.5lbs, 22kg"
2581,
2582,
2583,"23cm, 05in"
2584,"23cm, 05in"
2585,"1.4kg, 8kg, 18lbs"
2586,"1.4kg, 8kg, 18lbs"
2587,"5.1 in, 13 cm, 8.5 cm"
2588,"5.1 in, 13 cm, 8.5 cm"
2589,"140 cm, 50 cm"
2590,
2591,"18cm, 15cm"
2592,"18cm, 15cm"
2593,
2594,35mm
2595,20.3cm
2596,20.3cm
2597,20.3cm
2598,"35cm, 130cm, 21cm, 50cm, 42cm, 32cm, 230cm"
2599,
2600,"7g, 58lbs"
2601,
2602,
2603,300g
2604,35cm
2605,35cm
2606,
2607,
2608,
2609,"12.59 in, 32 cm, 3.34 in, 8.5 cm"
2610,"12.59 in, 32 cm, 3.34 in, 8.5 cm"
2611,
2612,
2613,
2614,
2615,
2616,
2617,
2618,"30.5 cm, 11 cm, 16.5 cm"
2619,"54 cm, 59 cm"
2620,"48 cm, 12 cm, 38 cm"
2621,6.5 inch
2622,6.5 inch
2623,
2624,
2625,
2626,
2627,
2628,
2629,"3 w, 110v"
2630,"3 w, 110v"
2631,"3.14 in, 8 cm"
2632,"3.14 in, 8 cm"
2633,"40 cm, 31 cm"
2634,
2635,100 lbs
2636,8.4in
2637,8.4in
2638,"8.6 in, 22 cm, 1.9 in, 5.0 cm"
2639,
2640,
2641,
2642,330lb
2643,"17 cm, 7 cm"
2644,"17 cm, 7 cm"
2645,9.8in
2646,9.8in
2647,9.8in
2648,
2649,
2650,
2651,
2652,
2653,
2654,
2655,
2656,
2657,"6.89inch, 7.3cm, 2.87inch"
2658,"6.89inch, 7.3cm, 2.87inch"
2659,
2660,2500lbs
2661,"14cm, 36cm"
2662,"14cm, 36cm"
2663,
2664,
2665,"117mm, 4.61in"
2666,"117mm, 4.61in"
2667,
2668,"38.5 cm, 38.5 cm, 75 cm"
2669,
2670,
2671,
2672,
2673,
2674,
2675,"11.8 in, 30 cm, 11.8 in, 30 cm"
2676,"11.8 in, 30 cm, 11.8 in, 30 cm"
2677,1 cm
2678,18cm
2679,"22.44 in, 5.5 in"
2680,"22.44 in, 5.5 in"
2681,
2682,
2683,
2684,
2685,
2686,430v
2687,
2688,7.5 cm
2689,7.5 cm
2690,7.5 cm
2691,
2692,10 oz
2693,26cm
2694,26cm
2695,"6.10 in, 15.50 cm, 2.55 in, 6.50 cm"
2696,"6.10 in, 15.50 cm, 2.55 in, 6.50 cm"
2697,"530 mg, 420 mg, 25 mg, 900 g"
2698,
2699,
2700,
2701,"6 cm, 5 cm, 16 cm, 35 cm"
2702,
2703,
2704,"4.33inch, 17cm, 6.77inch, 12cm, 72inch"
2705,5 cm
2706,"8.2cm, 3.23in, 7.5cm, 2.95in"
2707,"8.2cm, 3.23in, 7.5cm, 2.95in"
2708,275g
2709,
2710,
2711,
2712,"20cm, 12cm"
2713,"20cm, 12cm"
2714,
2715,"14.1 in, 36 cm, 5.89 in, 15 cm"
2716,"14.1 in, 36 cm, 5.89 in, 15 cm"
2717,"90 mm, 195 mm"
2718,"90 mm, 195 mm"
2719,"90 mm, 195 mm"
2720,
2721,"2.1 in, 5.5 cm, 22 cm"
2722,6cm
2723,6cm
2724,
2725,"6inch, 5.7inch"
2726,"6inch, 5.7inch"
2727,
2728,
2729,1.17w
2730,1.17w
2731,70v
2732,70v
2733,
2734,
2735,
2736,"13cm, 19cm"
2737,"13cm, 19cm"
2738,"13cm, 19cm"
2739,63 cm
2740,7v
2741,"24cm, 16cm, 30cm"
2742,
2743,15cm
2744,
2745,"225 cm, 95 cm, 195 cm"
2746,"225 cm, 95 cm, 195 cm"
2747,250g
2748,"5 cm, 7 cm"
2749,"5 cm, 7 cm"
2750,
2751,
2752,
2753,"8.2 in, 10 in, 6 in"
2754,
2755,1570 watt
2756,1570 watt
2757,"18.5cm, 7.28in, 12.5cm, 4.92in, 1.6cm, 6.5cm, 0.62in, 2.56in"
2758,"18.5cm, 7.28in, 12.5cm, 4.92in, 1.6cm, 6.5cm, 0.62in, 2.56in"
2759,
2760,
2761,"15.7 in, 40 cm, 8.9 in, 22.5 cm"
2762,"15.7 in, 40 cm, 8.9 in, 22.5 cm"
2763,"3.0 in, 7.5 cm, 3.0 in, 7.5 cm"
2764,"3.0 in, 7.5 cm, 3.0 in, 7.5 cm"
2765,
2766,
2767,"2.5cm, 6.3cm, 1.9cm"
2768,"2.5cm, 6.3cm, 1.9cm"
2769,4.8cm
2770,"150kg, 330lb"
2771,"161mm, 359mm, 435mm"
2772,
2773,120w
2774,120w
2775,
2776,220v
2777,
2778,"6.5 cm, 8.5 cm"
2779,"200 lb, 90.7 kg"
2780,22cm
2781,22cm
2782,22cm
2783,"180g, 70g"
2784,
2785,10 m
2786,10 m
2787,10 m
2788,"5.00 cm, 12.00 cm, 28.00 cm"
2789,73 mm
2790,73 mm
2791,"4.91in, 26 cm, 10.22 in"
2792,"4.52 in, 11.5 cm, 2.36 in, 6.0 cm"
2793,"4.52 in, 11.5 cm, 2.36 in, 6.0 cm"
2794,"12cm, 8cm"
2795,
2796,"102 cm, 30 cm"
2797,"40 cm, 8 cm"
2798,227 g
2799,"8cm, 3.15in"
2800,"8cm, 3.15in"
2801,"8 cm, 35 cm"
2802,"8 cm, 35 cm"
2803,"8cm, 23cm"
2804,45lb
2805,"175mm, 19mm, 105mm"
2806,27cm
2807,"8cm, 8cm"
2808,
2809,
2810,
2811,
2812,
2813,6cm
2814,"4.52 in, 11.5 cm, 6.02 in, 15.3 cm"
2815,
2816,
2817,4 lb
2818,60 cm
2819,60 cm
2820,25 cm
2821,
2822,"120v, 1200w"
2823,"120v, 1200w"
2824,1350w
2825,1350w
2826,"14cm, 7cm, 8cm"
2827,"5.7cm, 7.8cm"
2828,"5.7cm, 7.8cm"
2829,1600w
2830,4.41 oz
2831,5 m
2832,
2833,40 cm
2834,"2.16 in, 5.5 cm"
2835,"2.16 in, 5.5 cm"
2836,
2837,
2838,"47cm, 12cm, 45cm"
2839,39g
2840,"16gb, 512gb"
2841,"16gb, 512gb"
2842,
2843,8cm
2844,8cm
2845,8cm
2846,
2847,72 g
2848,
2849,
2850,
2851,"5.6cm, 2.2 inch, 5.3 inch"
2852,
2853,
2854,"1.8 in, 4.6 cm"
2855,"1.8 in, 4.6 cm"
2856,220mm
2857,220mm
2858,"5216.8v, 8v"
2859,"5216.8v, 8v"
2860,
2861,
2862,"15w, 3.3v, 12v, 15v, 24v, 48v"
2863,"30 cm, 40 cm"
2864,120cm
2865,"226g, 00g"
2866,
2867,12.4cm
2868,12.4cm
2869,"8.46 in, 21.50 cm, 14.56 in, 37.00 cm"
2870,"8.46 in, 21.50 cm, 14.56 in, 37.00 cm"
2871,65g
2872,65g
2873,79inch
2874,60 cm
2875,
2876,"2.28in, 5.8cm"
2877,
2878,
2879,
2880,
2881,11.5kg
2882,"11inch, 27.94 cm, 8 inch, 20.32 cm"
2883,"11inch, 27.94 cm, 8 inch, 20.32 cm"
2884,
2885,454 g
2886,
2887,
2888,
2889,
2890,
2891,
2892,
2893,"31 cm, 140 cm, 140 cm"
2894,
2895,4.8cm
2896,4.8cm
2897,68cm
2898,
2899,
2900,"9.9cm, 3.89in, 7.5cm, 2.95in"
2901,
2902,
2903,"127cm, 29.9cm, 2cm"
2904,
2905,"2.2 in, 5.5 cm, 8.3 in, 21.0 cm"
2906,"2.2 in, 5.5 cm, 8.3 in, 21.0 cm"
2907,"57cm, 28cm"
2908,"57cm, 28cm"
2909,"3v, 3v"
2910,"35 cm, 40 cm"
2911,"4cm, 6cm, 13cm, 16 cm"
2912,"00 watt, 1200 watt"
2913,"00 watt, 1200 watt"
2914,
2915,
2916,250 g
2917,
2918,"16in, 4.0 cm, 4.1 in, 10.5 cm"
2919,"16in, 4.0 cm, 4.1 in, 10.5 cm"
2920,"16in, 4.0 cm, 4.1 in, 10.5 cm"
2921,"2.0 in, 5.2 cm, 1.5 in, 4 cm"
2922,"2.0 in, 5.2 cm, 1.5 in, 4 cm"
2923,3.54inch
2924,3.54inch
2925,3.54inch
2926,1lb
2927,
2928,25kg
2929,"20cm, 7.8in"
2930,"20cm, 7.8in"
2931,"10.3mm, 32.4mm, 43.8mm"
2932,"7.87in, 20cm, 7.87in, 20cm"
2933,"7.87in, 20cm, 7.87in, 20cm"
2934,450 grams
2935,
2936,
2937,"2 in, 4 in"
2938,"2 in, 4 in"
2939,"2 in, 4 in"
2940,"3.73 in, 9.5 cm"
2941,
2942,
2943,
2944,"4cm, 25.5cm"
2945,"4cm, 25.5cm"
2946,
2947,"8cm, 812.7cm"
2948,"8cm, 812.7cm"
2949,
2950,
2951,80v
2952,80v
2953,
2954,
2955,"20cm, 65cm, 55cm, 45cm, 140cm"
2956,
2957,
2958,"2.5cm, 30cm, 0.4cm"
2959,340g
2960,
2961,"45cm, 30cm"
2962,
2963,"14cm, 5.50in, 1.97in"
2964,"14cm, 5.50in, 1.97in"
2965,
2966,
2967,"5.32 in, 135 mm"
2968,"5.32 in, 135 mm"
2969,"5.32 in, 135 mm"
2970,
2971,"4.5cm, 48cm, 23cm, 60cm, 25cm"
2972,81mm
2973,
2974,
2975,
2976,
2977,4.5 kg
2978,"16.6lb, 50 lb"
2979,"38cm, 15cm, 28cm"
2980,410 g
2981,330 lbs
2982,
2983,
2984,
2985,
2986,"50g, 0.001g, 50g"
2987,"80 mm, 95 mm, 60 mm"
2988,"8.6cm, 7cm"
2989,"8.6cm, 7cm"
2990,"9cm, 5cm, 21cm"
2991,
2992,
2993,
2994,150kg
2995,"7 ft, 5 ft"
2996,"4.13 in, 10.5 cm, 9.64 in, 24.5 cm"
2997,"4.13 in, 10.5 cm, 9.64 in, 24.5 cm"
2998,"14cm, 14cm"
2999,"14cm, 14cm"
3000,"48 cm, 30 cm, 8 cm, 22 cm"
3001,"48 cm, 30 cm, 8 cm, 22 cm"
3002,120 cm
3003,
3004,"3.3in, 7cm, 2.8in"
3005,230.00 mm
3006,230.00 mm
3007,
3008,
3009,
3010,
3011,
3012,
3013,3.7v
3014,
3015,3.7v
3016,
3017,"22 cm, 20 cm"
3018,"22 cm, 20 cm"
3019,
3020,"24.5cm, 3.8cm"
3021,"28cm, 11.02in, 12.5cm, 4.92in, 1.5cm, 6.5cm, 0.59in, 2.56in"
3022,
3023,
3024,
3025,6w
3026,
3027,
3028,
3029,220v
3030,220v
3031,
3032,"9.4in, 24cm, 8.3in, 21cm"
3033,"9.4in, 24cm, 8.3in, 21cm"
3034,24 v
3035,24 v
3036,
3037,9 cm
3038,9 cm
3039,
3040,"1in, 18cm, 1in"
3041,8.27in
3042,8.27in
3043,"7.27 in, 18.5 cm, 2.75 in, 7.0 cm"
3044,"7.27 in, 18.5 cm, 2.75 in, 7.0 cm"
3045,
3046,4w
3047,
3048,2.1kg
3049,"42inch, 106.8cm, 37inch, 94cm, 12inch"
3050,
3051,"1.45 in, 3.7 cm, 3.34 in"
3052,"1.45 in, 3.7 cm, 3.34 in"
3053,
3054,
3055,
3056,
3057,
3058,
3059,"7 cm, 100 cm"
3060,
3061,"14 kg, 180 kg"
3062,
3063, ml
3064,"9 cm, 16 cm"
3065,
3066,
3067,
3068,
3069,
3070,
3071,"28.30 in, 72.00 cm"
3072,"28.30 in, 72.00 cm"
3073,
3074,"20cm, 16cm, 16cm"
3075,"11.2 in, 4.7 in, 6.3 in"
3076,"11.2 in, 4.7 in, 6.3 in"
3077,"120w, 12v, 24v, 27v, 48v"
3078,
3079,
3080,17mm
3081,17mm
3082,"120mm, 70mm, 36mm, 36mm"
3083,"4.33 in, 11.0 cm, 3.11 in, 7.9 cm"
3084,"4.33 in, 11.0 cm, 3.11 in, 7.9 cm"
3085,12.2cm
3086,12.2cm
3087,
3088,
3089,
3090,95in
3091,
3092,"6.3 in, 16.0 cm, 6.3 in, 16.0 cm"
3093,23mm
3094,454g
3095,"9.8 in, 25 cm, 6.7 in, 17 cm"
3096,
3097,
3098,
3099,
3100,
3101,
3102,
3103,
3104,"16.9in, 43cm, 35cm, 13.7in, 43cm, 31.4in, 16.9in"
3105,"1.45 in, 3.7 cm, 0.94 in, 2.4 cm"
3106,"1.45 in, 3.7 cm, 0.94 in, 2.4 cm"
3107,"9.5 cm, 8.5 cm"
3108,"9.5 cm, 8.5 cm"
3109,"9.5 cm, 8.5 cm"
3110,
3111,
3112,
3113,
3114,
3115,
3116,
3117,
3118,2.3cm
3119,2.3cm
3120,
3121,
3122,60 cm
3123,"6.7 in, 17.0 cm, 4.7 in, 12.0 cm"
3124,"6.7 in, 17.0 cm, 4.7 in, 12.0 cm"
3125,"15.75 inch, 40 cm, 4.53 inch, 5 cm, 4.53 inch, 5 cm"
3126,"2.36 in, 6 cm, 1.57 in, 4 cm"
3127,30 lbs
3128,64 cm
3129,64 cm
3130,
3131,"5 in, 4 in"
3132,"7cm, 1.5cm"
3133,
3134,
3135,
3136,"11.8 in, 30 cm, 4.2 in, 10.7 cm"
3137,"11.8 in, 30 cm, 4.2 in, 10.7 cm"
3138,
3139,
3140,
3141,
3142,
3143,
3144,
3145,"4in, 32.6 in, 25.2 in"
3146,
3147,200g
3148,
3149,
3150,
3151,"2 cm, 5 cm"
3152,"8cm, 16cm"
3153,"8cm, 16cm"
3154,"1.6 in, 4.0 cm, 3.9 in, 10.0 cm"
3155,"1.6 in, 4.0 cm, 3.9 in, 10.0 cm"
3156,10cm
3157,"0.8cm, 8cm"
3158,"0.8cm, 8cm"
3159,
3160,"2.4 inch, 3 inch, 2.8 inch"
3161,
3162,120 lb
3163,
3164,4.6 inch
3165,4.6 inch
3166,50cm
3167,
3168,
3169,"4gb, 128gb, 256gb"
3170,"4gb, 128gb, 256gb"
3171,7 cm
3172,7 cm
3173,7mm
3174,7mm
3175,
3176,
3177,
3178,"7cm, 2.75inch, 12.2cm, 4.79inch, 18.5cm, 27inch"
3179,"5.3in, 10.8in"
3180,"5.3in, 10.8in"
3181,27cm
3182,27cm
3183,
3184,
3185,
3186,"12cm, 30cm"
3187,"12cm, 30cm"
3188,
3189,
3190,"1.2g, 12g"
3191,
3192,
3193,150kg
3194,"250w, 250w"
3195,"250w, 250w"
3196,"170mm, 264m"
3197,
3198,"7lbs, 220lbs"
3199,"1.37inch, 1.18inch, 2.36inch"
3200,180g
3201,
3202,
3203,
3204,
3205,
3206,4.8cm
3207,0274 mm
3208,
3209,
3210,
3211,"15 inch, 15 inch, 25 inch, 38 cm, 63.5 cm"
3212,9cm
3213,9cm
3214,
3215,
3216,
3217,
3218,"42.4 cm, 27 cm, 5.2 cm"
3219,
3220,
3221,
3222,"70 cm, 40 cm"
3223,"70 cm, 40 cm"
3224,"70 cm, 40 cm"
3225,
3226,
3227,"11 in, 28 cm, 8.7 in, 22 cm, 36 cm"
3228,
3229,"1.5 in, 4.0 cm, 3.3 in"
3230,"8cm, 31cm"
3231,
3232,
3233,
3234,"2 cm, 5 cm"
3235,"30cm, 8cm, 7cm"
3236,"12mm, 39mm"
3237,48inch
3238,57 v
3239,57 v
3240,12v
3241,56kg
3242,"43cm, 9.8cm"
3243,
3244,"5 inch, 4 inch"
3245,"5 inch, 4 inch"
3246,
3247,
3248,
3249,
3250,
3251,
3252,
3253,"68mm, 30cm, 20cm"
3254,"95cm, 47cm"
3255,"95cm, 47cm"
3256,
3257,"15cm, 15.91in, 40cm, 15.75in"
3258,44lb
3259,
3260,1300w
3261,
3262,1300w
3263,"10 cm, 23 cm, 45 cm"
3264,"15cm, 5.9in"
3265,"15cm, 5.9in"
3266,"13.5 inch, 8.9 inch"
3267,"13.5 inch, 8.9 inch"
3268,20gb
3269,20gb
3270,
3271,"40.64 cm, 21.5cm, 8.46 inch, 14.3 inch"
3272,"40.64 cm, 21.5cm, 8.46 inch, 14.3 inch"
3273,
3274,"12cm, 12cm, 4.7in, 4.7in, 5cm, 1.4in"
3275,"3.2in, 14in"
3276,"3.2in, 14in"
3277,"9cm, 16cm, 6.3inch"
3278,3lb
3279,45 cm
3280,45 cm
3281,
3282,"7.27in, 8.84in, 22.5 cm"
3283,"7.27in, 8.84in, 22.5 cm"
3284,
3285,48w
3286,48w
3287,"10 cm, 220 cm"
3288,
3289,
3290,
3291,
3292,"7in, 5cm, 57in, 4cm"
3293,
3294,"5.8cm, 15cm"
3295,"5.8cm, 15cm"
3296,"110 cm, 55 cm"
3297,
3298,"23.62 in, 60 cm, 15.74 in, 40 cm"
3299,
3300,
3301,"1.5 in, 4.0 cm, 3.9 in, 10 cm"
3302,
3303,"2cm, 5.8cm, 1.5cm"
3304,"1.78in, 2cm, 72in, 12cm, 88in, 5cm"
3305,"40 cm, 32 cm"
3306,"40 cm, 32 cm"
3307,16.5cm
3308,16.5cm
3309,"290mm, 11.4in"
3310,"7.4 in, 19 cm, 2.9 in, 7.4 cm"
3311,
3312,"45 cm, 32 cm, 38 cm"
3313,
3314,
3315,15kg
3316,
3317,
3318,
3319,
3320,
3321,
3322,
3323,
3324,
3325,"1.18inch, 1.38inch, 1.38inch"
3326,"1.18inch, 1.38inch, 1.38inch"
3327,
3328,"8 in, 12 in, 46 in"
3329,"8 in, 12 in, 46 in"
3330,
3331,
3332,
3333,"8in, 25cm"
3334,"34cm, 30cm"
3335,
3336,
3337,25lb
3338,"40cm, 40cm"
3339,"40cm, 40cm"
3340,"8cm, 203cm, 153cm"
3341,200 lbs
3342,
3343,"17 lbs, 8 kg"
3344,
3345,
3346,
3347,"1.18in, 1.85in, 0.67in"
3348,"1.18in, 1.85in, 0.67in"
3349,13cm
3350,13cm
3351,"168 cm, 70 cm"
3352,
3353,250w
3354,250w
3355,"52cm, 38cm, 38cm"
3356,
3357,"2.36 in, 6 cm, 1.57 in, 4 cm"
3358,"2.36 in, 6 cm, 1.57 in, 4 cm"
3359,"7cm, 8in"
3360,
3361,"1000w, 1000w"
3362,"1000w, 1000w"
3363,
3364,
3365,15.5cm
3366,"40cm, 15.7inch"
3367,90 kg
3368,
3369,
3370,"8.5cm, 7cm, 9cm, 1.8cm"
3371,1kg
3372,
3373,"5.5 cm, 16cm"
3374,"52mm, 40mm"
3375,1800w
3376,1800w
3377,
3378,"30lbs, 13.4kg"
3379,"3m, 9.8ft"
3380,"3m, 9.8ft"
3381,"3m, 9.8ft"
3382,
3383,"0.79 in, 2 cm, 0.79 in, 2 cm"
3384,"0.79 in, 2 cm, 0.79 in, 2 cm"
3385,"0.79 in, 2 cm, 0.79 in, 2 cm"
3386,"82mm, 98mm"
3387,"82mm, 98mm"
3388,"0195 mm, 08650 mm"
3389,
3390,300kg
3391,
3392,
3393,
3394,
3395,"6 cm, 4 cm, 60 cm"
3396,"6 cm, 4 cm, 60 cm"
3397,
3398,"21.3 in, 24 in, 22.5 in"
3399,"11 cm, 4.33 inch, 8 cm, 3.15 inch, 8 cm, 3.15 inch"
3400,750lbs
3401,22mm
3402,22mm
3403,"40.64cm, 35.56cm, 88.9cm"
3404,"97.16cm, 48.9cm, 60.96cm"
3405,"45.72 cm, 7.4 inch, 19 cm, 39 inch, 12.59 inch, 32 cm, 1.18 inch, 3 cm"
3406,
3407,22cm
3408,22cm
3409,
3410,
3411,"1.5cm, 24.3cm, 15.7cm, 21.2cm, 33cm, 30cm"
3412,30lbs
3413,"32 oz, 2 lb, 908 g"
3414,"8cm, 4.7cm"
3415,"9.8 in, 25 cm, 9.4 in, 24 cm"
3416,"9.8 in, 25 cm, 9.4 in, 24 cm"
3417,
3418,
3419,"65cm, 18cm"
3420,"65cm, 18cm"
3421,230v
3422,230v
3423,"210cm, 271cm, 54cm"
3424,"210cm, 271cm, 54cm"
3425,138mm
3426,
3427,
3428,
3429,"25.4cm, 168cm, 106.68cm"
3430,"25.4cm, 168cm, 106.68cm"
3431,"6.5 in, 16.5 cm, 5.9 in, 15 cm"
3432,"6.5 in, 16.5 cm, 5.9 in, 15 cm"
3433,
3434,
3435,"5.7 in, 2 in, 1.55 in"
3436,
3437,1 in
3438,"6.4cm, 30cm"
3439,"6.4cm, 30cm"
3440,
3441,"8.2cm, 3.2cm"
3442,
3443,
3444,"3.6 inch, 3.1 inch, 1.6 inch"
3445,
3446,
3447,
3448,
3449,
3450,
3451,
3452,30g
3453,"4cm, 3.1cm"
3454,"4cm, 3.1cm"
3455,
3456,14 oz
3457,"11.4 in, 29 cm, 29 cm"
3458,"11.4 in, 29 cm, 29 cm"
3459,12 lbs
3460,
3461,
3462,8 w
3463,8 w
3464,
3465,7v
3466,
3467,
3468,"10.6in, 1in"
3469,"10.6in, 1in"
3470,"35 cm, 60 cm"
3471,"3.9in, 49cm, 19.3in"
3472,"3.9in, 49cm, 19.3in"
3473,
3474,
3475,"12.7cm, 22.8cm"
3476,"12.7cm, 22.8cm"
3477,
3478,"6cm, 11cm"
3479,"6cm, 11cm"
3480,
3481,
3482,"5.3cm, 2.09in"
3483,
3484,
3485,"84 mm, 70 mm, 157 mm, 60 mm"
3486,"8.06in, 6.09in"
3487,"8.06in, 6.09in"
3488,5cm
3489,5cm
3490,
3491,
3492,"12cm, 7cm"
3493,"12cm, 7cm"
3494,"4.75in, 24in"
3495,"4.75in, 24in"
3496,"4.75in, 24in"
3497,"150kg, 330lb"
3498,"9.0 in, 23 cm"
3499,"9.0 in, 23 cm"
3500,
3501,"3.5 in, 9.0 cm, 4.3 in, 11.0 cm"
3502,"3.5 in, 9.0 cm, 4.3 in, 11.0 cm"
3503,"10.0 in, 25.5 cm, 7.6 in"
3504,"10.0 in, 25.5 cm, 7.6 in"
3505,
3506,
3507,27cm
3508,"220cm, 36cm, 14in, 140cm"
3509,"15cm, 50cm"
3510,"15cm, 50cm"
3511,
3512,
3513,"2.48in, 6.3 cm, 3.34in, 8.5 cm, 2.16 in, 5.5 cm"
3514,
3515,
3516,"250 lbs, 5 lbs"
3517,"2.55in, 6.5cm"
3518,
3519,
3520,
3521,"120cm, 75cm, 66cm, 102cm"
3522,"45mm, 1.77in, 8.5mm, 0.33in"
3523,
3524,
3525,
3526,
3527,3mm
3528,3.7 lb
3529,220lbs
3530,
3531,"035mm, 075mm"
3532,"9 cm, 2 cm"
3533,
3534,"3.9cm, 26cm, 0.3cm"
3535,2w
3536,2w
3537,"19cm, 7.48in"
3538,"19cm, 7.48in"
3539,
3540,90cm
3541,72cm
3542,72cm
3543,72cm
3544,
3545,255kg
3546,"13 in, 33 cm, 15 in, 38.1 cm, 13 cm"
3547,0.7 inch
3548,0.7 inch
3549,"1.77in, 77in, 18mm, 45mm, 0.7in"
3550,
3551,
3552,
3553,"7.86 in, 20.0 cm, 3.54 in, 9.0 cm"
3554,"7.86 in, 20.0 cm, 3.54 in, 9.0 cm"
3555,
3556,9077g
3557,"3cm, 20cm"
3558,"7.5cm, 2.95in"
3559,"7.5cm, 2.95in"
3560,"75in, 7cm, 46in, 69in, 3cm"
3561,
3562,
3563,
3564,
3565,17.5 lbs
3566,
3567,"3.4inch, 4.8inch, 1.6inch"
3568,
3569,"35.04 in, 89 cm, 26.38 in, 22.24 in, 67 cm, 56.5 cm"
3570,"4.52 in, 0.23 in, 0.6 cm"
3571,412v
3572,412v
3573,"103.5 cm, 60 cm"
3574,"103.5 cm, 60 cm"
3575,"230v, 18w, 230v, 17w"
3576,"230v, 18w, 230v, 17w"
3577,11.8cm
3578,11.8cm
3579,11.8cm
3580,8 lb
3581,
3582,
3583,"6cm, 2.36in"
3584,"3 in, 7.5 cm, 24.8 in, 63 cm, 3.5 in"
3585,"3 in, 7.5 cm, 24.8 in, 63 cm, 3.5 in"
3586,235g
3587,"86 cm, 33.9 in, 5.1 in"
3588,
3589,
3590,
3591,"60mm, 2.36in"
3592,"60mm, 2.36in"
3593,"18cm, 34cm, 10.6cm, 9cm"
3594,"38w, 110v, 130v"
3595,"32.3cm, 23.6cm"
3596,"28 inch, 14 inch"
3597,
3598,
3599,"40.1cm, 17.6cm"
3600,
3601,90.03 mm
3602,90.03 mm
3603,90.03 mm
3604,36kg
3605,"120cm, 47.24in, 51in"
3606,"102cm, 16.3cm, 33cm"
3607,"150cm, 27cm, 32cm"
3608,"150cm, 27cm, 32cm"
3609,58cm
3610,58cm
3611,"8 oz, 226.7 g"
3612,
3613,
3614,
3615,"425mm, 16.73in, 125mm, 4.92in"
3616,"425mm, 16.73in, 125mm, 4.92in"
3617,276 lbs
3618,
3619,118.28 ml
3620,
3621,
3622,
3623,
3624,
3625,
3626,
3627,"6 cm, 4 cm, 7 cm"
3628,"60 cm, 3 cm"
3629,
3630,150 cm
3631,
3632,
3633,
3634,
3635,
3636,7cm
3637,7cm
3638,"30cm, 8inch"
3639,"30cm, 8inch"
3640,"30cm, 8inch"
3641,"8cm, 3.15in, 30cm, 11.81in, 8.5cm, 3.35in"
3642,
3643,
3644,
3645,10.5 cm
3646,10.5 cm
3647,
3648,
3649,13kg
3650,16 oz
3651,31kg
3652,
3653,
3654,
3655,
3656,
3657,603mm
3658,603mm
3659,603mm
3660,5v
3661,
3662,
3663,"30 cm, 40 cm"
3664,"30 cm, 40 cm"
3665,22cm
3666,25mm
3667,10.8cm
3668, ml
3669,"15cm, 5.91in"
3670,"15cm, 5.91in"
3671,"15cm, 5.91in"
3672,"150 cm, 5 cm, 50 cm"
3673,"6cm, 2.4in, 12cm, 4.29in"
3674,"6cm, 2.4in, 12cm, 4.29in"
3675,"10cm, 6.9cm"
3676,
3677,"95cm, 37.40 inch, 1 inch, 24cm, 41cm"
3678,0140mm
3679,0140mm
3680,142 g
3681,"7cm, 2.76in"
3682,"7cm, 2.76in"
3683,
3684,
3685,"170mm, 78mm"
3686,"170mm, 78mm"
3687,"180cm, 33cm"
3688,
3689,"12cm, 4.72inch"
3690,"12cm, 4.72inch"
3691,"12cm, 4.72inch"
3692,
3693,150g
3694,"150cm, 150cm"
3695,6.5cm
3696,6.5cm
3697,"3.1 in, 8 cm"
3698,"3.1 in, 8 cm"
3699,
3700,
3701,2.17in
3702,2.17in
3703,
3704,
3705,
3706,
3707,
3708,
3709,
3710,
3711,
3712,
3713,"13cm, 9cm, 20cm"
3714,
3715,
3716,"2.3 in, 6.0 cm, 1.1 in, 3.0 cm"
3717,"2.3 in, 6.0 cm, 1.1 in, 3.0 cm"
3718,"8.6in, 22cm"
3719,"8.6in, 22cm"
3720,"8.6in, 22cm"
3721,72 cm
3722,"127v, 950w"
3723,
3724,
3725,"5.0in, 12.6cm, 3.1in, 7.8cm"
3726,"5.0in, 12.6cm, 3.1in, 7.8cm"
3727,
3728,25 mm
3729,25 mm
3730,
3731,
3732,211g
3733,450 lbs
3734,"12.80 in, 32.5 cm, 9.06 in, 23 cm"
3735,"12.80 in, 32.5 cm, 9.06 in, 23 cm"
3736,
3737,
3738,
3739,"405mm, 464mm"
3740,
3741,285lbs
3742,
3743,
3744,16mm
3745,16mm
3746,
3747,
3748,"130mm, 125mm"
3749,"130mm, 125mm"
3750,"30cm, 11.8in, 11cm, 4.3in, 11cm, 4.3in"
3751,350g
3752,"80 cm, 9 cm"
3753,"19mm, 0.75in, 220cm, 7.2ft, 40cm, 1.3ft, 120cm, 3.9ft"
3754,"19mm, 0.75in, 220cm, 7.2ft, 40cm, 1.3ft, 120cm, 3.9ft"
3755,"55cm, 21cm"
3756,"55cm, 21cm"
3757,"45cm, 17cm, 92cm, 45cm, 46cm, 64cm, 48cm, 67cm"
3758,
3759,"5.89 in, 15.00 cm"
3760,"5.89 in, 15.00 cm"
3761,"35 cm, 27 cm, 23.5 cm"
3762,"6.8cm, 2.67in, 9.4cm, 3.7in"
3763,"9mm, 59mm, 18mm"
3764,"9mm, 59mm, 18mm"
3765,
3766,
3767,250w
3768,
3769,"27cm, 48cm"
3770,
3771,2 inch
3772,"8.06in, 6.09in"
3773,"8.06in, 6.09in"
3774,
3775,
3776,36 cm
3777,
3778,"74.75cm, 11cm, 11.75cm"
3779,"74.75cm, 11cm, 11.75cm"
3780,
3781,
3782,"5.2inch, 1.8inch"
3783,
3784,
3785,
3786,
3787,
3788,"11.8 in, 30 cm, 12.4 in, 31.5 cm"
3789,"11.8 in, 30 cm, 12.4 in, 31.5 cm"
3790,
3791,
3792,
3793,"14.3cm, 5.6in"
3794,
3795,
3796,"8cm, 2.8cm"
3797,
3798,155 cm
3799,155 cm
3800,73mm
3801,73mm
3802,
3803,
3804,
3805,
3806,"41 cm, 12.53 cm, 66.8 cm, 41 cm, 7.6 cm, 6.9 cm, 9.7 cm"
3807,
3808,"18.5cm, 8.5cm"
3809,"18.5cm, 8.5cm"
3810,"11.98cm, 31.2cm, 8.2cm"
3811,"11.98cm, 31.2cm, 8.2cm"
3812,"8.25 in, 21 cm, 2.36 in, 6 cm"
3813,"43 cm, 16.9 in"
3814,"43 cm, 16.9 in"
3815,"43 cm, 16.9 in"
3816,6in
3817,6in
3818,"5.9 inch, 49 inch"
3819,120w
3820,
3821,120w
3822,
3823,
3824,
3825,
3826,
3827,
3828,
3829,
3830,150kg
3831,"31cm, 12in"
3832,"31cm, 12in"
3833,50.75 in
3834,50.75 in
3835,
3836,"5.1in, 13cm, 10.6in, 27cm"
3837,"5.1in, 13cm, 10.6in, 27cm"
3838,
3839,4 lbs
3840,"23 cm, 6cm"
3841,"23 cm, 6cm"
3842,
3843,
3844,
3845,69.2kg
3846,1200g
3847,
3848,"2.7 in, 7.0 cm, 1.1 in, 3.0 cm"
3849,
3850,"85cm, 47cm, 124cm"
3851,"85cm, 47cm, 124cm"
3852,"10.4 in, 26.6 cm, 10.4 in, 26.6 cm"
3853,"10.4 in, 26.6 cm, 10.4 in, 26.6 cm"
3854,
3855,
3856,
3857,
3858,"2.5 in, 6.5cm, 3.5 in, 9.0 cm"
3859,"2.5 in, 6.5cm, 3.5 in, 9.0 cm"
3860,
3861,"160mm, 6.3in"
3862,"160mm, 6.3in"
3863,
3864,60 cm
3865,60 cm
3866,60 cm
3867,
3868,
3869,"0.39in, 2.5cm, 0.98in"
3870,"0.39in, 2.5cm, 0.98in"
3871,20cm
3872,20cm
3873,20cm
3874,34g
3875,34g
3876,
3877,0 m
3878,
3879,"60in, 152cm"
3880,"60in, 152cm"
3881,
3882,
3883,
3884,
3885,"14.75cm, 13.5cm, 13.5cm"
3886,
3887,"7mm, 8mm, 20mm"
3888,"4.3 in, 11.0 cm, 7.3 in, 18.5 cm"
3889,"4.3 in, 11.0 cm, 7.3 in, 18.5 cm"
3890,
3891,
3892,"15cm, 13cm"
3893,"8 in, 20.5 cm"
3894,"8 in, 20.5 cm"
3895,100.00 mm
3896,100.00 mm
3897,"8.17 in, 20.5 cm, 2.55 in, 6.5 cm"
3898,"27 cm, 27 cm"
3899,"27 cm, 27 cm"
3900,2.37kg
3901,"7cm, 5cm"
3902,"7cm, 5cm"
3903,
3904,"11.0 in, 28.0 cm, 12.5 in, 32.0 cm"
3905,"11.0 in, 28.0 cm, 12.5 in, 32.0 cm"
3906,
3907,"17mm, 0.67inch, 42mm, 1.65inch, 7cm, 2.76inch"
3908,250kg
3909,250kg
3910,"7 in, 18cm, 12 in, 30cm"
3911,"68cm, 98cm, 26cm"
3912,"68cm, 98cm, 26cm"
3913,
3914,
3915,265lbs
3916,200g
3917,"32cm, 13 inch"
3918,"32cm, 13 inch"
3919,"230v, 29kw"
3920,"230v, 29kw"
3921,454 g
3922,
3923,
3924,0.7lb
3925,"8.66in, 22cm, 3.94in, 5.12in, 13cm"
3926,
3927,"9.25 lbs, 33 lbs"
3928,"13 cm, 2 cm"
3929,"13 cm, 2 cm"
3930,"4.8cm, 6cm, 8cm"
3931,
3932,
3933,
3934,
3935,
3936,"1.9cm, 50cm, 47cm, 5.5cm, 3cm, 50cm, 51cm, 2cm"
3937,
3938,
3939,21 cm
3940,21 cm
3941,
3942,
3943,
3944,
3945,"65mm, 4.53in, 115mm, 56in"
3946,"11 cm, 6 cm"
3947,"11 cm, 6 cm"
3948,
3949,"4.3in, 11 cm, 2.1 in, 5.5 cm"
3950,"6.48in, 1.38in, 3.5cm"
3951,"6.48in, 1.38in, 3.5cm"
3952,
3953,"136cm, 54in, 46cm, 11in, 15cm, 90in, 17cm, 69in, 40cm, 74in"
3954,
3955,
3956,"5.5in, 14cm"
3957,"5.5in, 14cm"
3958,
3959,39cm
3960,39cm
3961,
3962,
3963,
3964,"2400w, 12v, 24v, 48v"
3965,"60 cm, 60 cm"
3966,
3967,
3968,"150kg, 330lb"
3969,
3970,"5 cm, 3 cm, 5 cm"
3971,
3972,
3973,
3974,
3975,
3976,
3977,"43.4cm, 10.2cm"
3978,"43.4cm, 10.2cm"
3979,
3980,
3981,"25cm, 8in"
3982,
3983,
3984,"5 inch, 5 inch"
3985,"5 inch, 5 inch"
3986,"1.8 in, 4.8 cm"
3987,"1.8 in, 4.8 cm"
3988,
3989,
3990,
3991,
3992,
3993,108cm
3994,108cm
3995,"9.4 in, 24 cm, 9.8 in, 25 cm"
3996,"9.4 in, 24 cm, 9.8 in, 25 cm"
3997,
3998,
3999,
4000,"2.28inch, 6.77 inch"
4001,"2.28inch, 6.77 inch"
4002,"13.3cm, 9.8cm"
4003,1.57in
4004,
4005,04g
4006,25 inch
4007,25 inch
4008,"13.8cm, 31cm"
4009,"80oz, 2.268 kg"
4010,076cm
4011,076cm
4012,"130mm, 300mm"
4013,"130mm, 300mm"
4014,
4015,
4016,
4017,"37mm, 96mm"
4018,"37mm, 96mm"
4019,
4020,"8.5 inch, 4.4 inch, 5 inch"
4021,"8.5 inch, 4.4 inch, 5 inch"
4022,"16cm, 4.5 in"
4023,"16cm, 4.5 in"
4024,"16cm, 4.5 in"
4025,"8.0 in, 20.3 cm, 4.8 in"
4026,"8.0 in, 20.3 cm, 4.8 in"
4027,45cm
4028,45cm
4029,
4030,
4031,
4032,"180 cm, 90 cm"
4033,"180 cm, 90 cm"
4034,21cm
4035,21cm
4036,
4037,"1 inch, 9 inch"
4038,"1 inch, 9 inch"
4039,"25cm, 65cm"
4040,"25cm, 65cm"
4041,
4042,"10.5cm, 4.13in, 5.5cm, 2.17in, 2.6 cm, 402 in, 26.5cm, 10.43in, 15cm, 5.91in, 5.5cm, 2.17in"
4043,"10.5cm, 4.13in, 5.5cm, 2.17in, 2.6 cm, 402 in, 26.5cm, 10.43in, 15cm, 5.91in, 5.5cm, 2.17in"
4044,
4045,"2.6 cm, 20 cm, 90 cm"
4046,2.4kg
4047,41cm
4048,41cm
4049,
4050,
4051,"3.1 in, 4.7in, 12 cm"
4052,"3.1 in, 4.7in, 12 cm"
4053,
4054,15.5cm
4055,15.5cm
4056,
4057,
4058,
4059,
4060,60 cm
4061,"12.0in, 30.5cm"
4062,"3in, 5 ft, 76in"
4063,"5v, 5v"
4064,30cm
4065,30cm
4066,
4067,
4068,
4069,
4070,"5 v, 5 v"
4071,"5 v, 5 v"
4072,72mm
4073,72mm
4074,
4075,825w
4076,100g
4077,13.7cm
4078,
4079,
4080,287 lbs
4081,
4082,
4083,"0 mm, 0 mm, 0 mm, 0 mm"
4084,110 volt
4085,"3.75 in, 9.5 cm, 3.9 in, 10 cm"
4086,"3.75 in, 9.5 cm, 3.9 in, 10 cm"
4087,"4 cm, 201 cm"
4088,"4 cm, 201 cm"
4089,
4090, dl
4091,
4092,"9.8 in, 25 cm"
4093,"30cm, 11.8in"
4094,"30cm, 11.8in"
4095,"140 cm, 213 cm"
4096,300 kg
4097,
4098,"5.1 in, 13 cm, 7.87 in, 20 cm"
4099,"5.1 in, 13 cm, 7.87 in, 20 cm"
4100,"4.92 inch, 42 inch, 54 inch, 6.14 inch, 11 inch"
4101,"4.92 inch, 42 inch, 54 inch, 6.14 inch, 11 inch"
4102,"2.2inch, 2.2inch, 1.4inch"
4103,"3.93in, 10cm, 4.72in, 12cm"
4104,"3.93in, 10cm, 4.72in, 12cm"
4105,
4106,
4107,
4108,
4109,
4110,
4111,40w
4112,"3.9 in, 9 cm"
4113,"3.9 in, 9 cm"
4114,"3.9 in, 9 cm"
4115,
4116,1 hp
4117,
4118,"18w, 5v"
4119,
4120,
4121,
4122,3.94inch
4123,"3.54 in, 9.0 cm, 2.4 in, 6.1 cm"
4124,"3.54 in, 9.0 cm, 2.4 in, 6.1 cm"
4125,"15.94 in, 5.91 in"
4126,"15.94 in, 5.91 in"
4127,
4128,"170 cm, 150 cm"
4129,
4130,24v
4131,24v
4132,"40 cm, 180 cm, 55 cm"
4133,"505170v, 240 v, 1225v, 1450 w, 1225v, 1450w, 240v"
4134,
4135,
4136,
4137,"20.5cm, 31.5cm"
4138,
4139,220lbs
4140,
4141,
4142,1.4 kg
4143,
4144,"2in, 6cm"
4145,"2in, 6cm"
4146,10cm
4147,10cm
4148,10cm
4149,
4150,
4151,150 mm
4152,150 mm
4153,
4154,
4155,
4156,
4157,
4158,160 cm
4159,"120cm, 140cm, 120cm, 120cm"
4160,
4161,"150kg, 330lbs"
4162,15cm
4163,15cm
4164,15cm
4165,"0 cm, 15 cm, 40 cm"
4166,"0 cm, 15 cm, 40 cm"
4167,14 inch
4168,14 inch
4169,
4170,"11.9 in, 30 cm, 9.9 in, 25 cm"
4171,"11.9 in, 30 cm, 9.9 in, 25 cm"
4172,"7.4 in, 19 cm, 16.7 in, 42.5 cm"
4173,"7.4 in, 19 cm, 16.7 in, 42.5 cm"
4174,81mm
4175,81mm
4176,85in
4177,"5 cm, 85cm, 9 cm"
4178,"137in, 2.12in, 3.14in, 26in"
4179,
4180,5.3in
4181,"176mm, 6.9in, 128mm, 128mm, 176mm"
4182,10 oz
4183,
4184,"35mm, 1.37in, 39.6mm"
4185,
4186,
4187,
4188,"15cm, 5.89in, 15cm, 5.89in"
4189,"7.07 in, 18 cm, 5.31 in, 13.5 cm"
4190,"7.07 in, 18 cm, 5.31 in, 13.5 cm"
4191,
4192,
4193,700w
4194,"16.5 cm, 10.5 cm"
4195,"16.5 cm, 10.5 cm"
4196,"16.54 in, 3.54 in, 6.3 in, 6.3 in"
4197,"134mm, 5.27in, 110mm, 4.33in, 100mm, 3.93in"
4198,
4199,
4200,
4201,220v
4202,220v
4203,
4204,"1inch, 2.8inch"
4205,"9mm, 26mm"
4206,"22cm, 9cm"
4207,
4208,
4209,"2 in, 6.25 in"
4210,"2 in, 6.25 in"
4211,"65mm, 12mm"
4212,"65mm, 12mm"
4213,"65mm, 12mm"
4214,
4215,"4.0 in, 10.3 cm, 3.1 in, 8.0 cm"
4216,"4.0 in, 10.3 cm, 3.1 in, 8.0 cm"
4217,"96mm, 120mm, 52mm"
4218,"39 cm, 014cm"
4219,"39 cm, 014cm"
4220,"39 cm, 014cm"
4221,
4222,"40cm, 110cm, 42cm"
4223,"165cm, 64.96in"
4224,"165cm, 64.96in"
4225,12v
4226,12v
4227,"7.8 inch, 5.5 inch"
4228,"7.8 inch, 5.5 inch"
4229,
4230,
4231,507lbs
4232,
4233,"8 cm, 11 cm"
4234,"8 cm, 11 cm"
4235,"1in, 18cm"
4236,170g
4237,"75.01cm, 51.99cm, 45.47cm"
4238,"14.5cm, 5cm"
4239,"40   mm, 57 in"
4240,"2.67 in, 6.80 cm"
4241,"18 cm, 83 cm, 211 cm, 204 cm, 204 cm"
4242," l,  ml"
4243,
4244,
4245,
4246,
4247,
4248,
4249,11 inch
4250,11 inch
4251,11 inch
4252,"25 cm, 11 cm, 5 cm"
4253,"8.9in, 3.1in"
4254,"8.9in, 3.1in"
4255,"8.9in, 3.1in"
4256,
4257,
4258,0lb
4259,285 cm
4260,285 cm
4261,285 cm
4262,"6.8cm, 2.3inch, 7.3inch"
4263,"6.8cm, 2.3inch, 7.3inch"
4264,"6.8cm, 2.3inch, 7.3inch"
4265,"7.28 in, 18.5 cm, 12.99 in, 33 cm"
4266,"7.28 in, 18.5 cm, 12.99 in, 33 cm"
4267,"7.28 in, 18.5 cm, 12.99 in, 33 cm"
4268,"40 cm, 2 cm, 183 cm, 18 cm, 6cm, 33 cm"
4269,
4270,
4271,
4272,
4273,
4274,"9.5cm, 53.5cm, 12cm"
4275,"0.4 in, 1 cm, 0.9 in, 12 cm"
4276,"0.4 in, 1 cm, 0.9 in, 12 cm"
4277,
4278,
4279,
4280,15.75inch
4281,15.75inch
4282,15.75inch
4283,
4284,"36.5cm, 25cm"
4285,
4286,25.3cm
4287,25.3cm
4288,"21cm, 7cm"
4289,
4290,5.5 lb
4291,0.5in
4292,0.5in
4293,
4294,
4295,
4296,12v
4297,12v
4298,"4.7in, 9cm, 12cm"
4299,
4300,
4301,"90 cm, 59 cm"
4302,"90 cm, 59 cm"
4303,
4304,19cm
4305,
4306,
4307,
4308,"5 cm, 30 cm, 18 cm"
4309,"3.625 in, 5.125 in"
4310,
4311,"35cm, 180cm"
4312,"35cm, 180cm"
4313,
4314,"2.95 in, 7.5 cm, 5.9 in, 15 cm"
4315,"2.95 in, 7.5 cm, 5.9 in, 15 cm"
4316,
4317,
4318,
4319,"2.75 inch, 7.87 inch, 2.6 inch"
4320,"2.75 inch, 7.87 inch, 2.6 inch"
4321,250g
4322,
4323,
4324,
4325,100 cm
4326,100 cm
4327,"3m, 3m, 9.8ft"
4328,"3m, 3m, 9.8ft"
4329,
4330,"2.8cm, 1.10in, 2.8cm, 1.10in"
4331,"2.8cm, 1.10in, 2.8cm, 1.10in"
4332,
4333,
4334,"20 lb, 20 lb"
4335,
4336,
4337,420g
4338,
4339,115v
4340,115v
4341,100 cm
4342,100 cm
4343,1350w
4344,1350w
4345,
4346,"3.9in, 136mm, 5.3in, 7.8in"
4347,8 cm
4348,8 cm
4349,
4350,
4351,"11.8 in, 30 cm, 3.5 in, 9.0 cm"
4352,"11.8 in, 30 cm, 3.5 in, 9.0 cm"
4353,"11.8 in, 30 cm, 3.5 in, 9.0 cm"
4354,55cm
4355,55cm
4356,
4357,
4358,
4359,
4360,1100w
4361,"2.75 inch, 5.5 inch"
4362,"2.75 inch, 5.5 inch"
4363,2v
4364,"4.5cm, 6.5cm"
4365,"4.5cm, 6.5cm"
4366,
4367,2.1cm
4368,"1g, 1g"
4369,28 g
4370,
4371,7 inch
4372,7 inch
4373,7 inch
4374,
4375,"20v, 20v, 20v, 20v"
4376,"95mm, 270 mm, 200 mm"
4377,"24 inch, 60cm, 6inch, 15cm"
4378,"24 inch, 60cm, 6inch, 15cm"
4379,
4380,"1.7in, 3.9in"
4381,"1.7in, 3.9in"
4382,24gb
4383,24gb
4384,
4385,
4386,
4387,
4388,"100cm, 55cm"
4389,"13cm, 5.12inch, 8.5cm, 3.35inch"
4390,"11.8 in, 30.0 cm, 11.8 in, 30.0 cm"
4391,"11.8 in, 30.0 cm, 11.8 in, 30.0 cm"
4392,"60 cm, 30 cm"
4393,"60 cm, 30 cm"
4394,"16 cm, 9cm"
4395,
4396,
4397,"1 in, 80 cm"
4398,1 cm
4399,8mm
4400,8mm
4401,"2.87 in, 7.3 cm, 2.87 in, 7.3 cm"
4402,"2.87 in, 7.3 cm, 2.87 in, 7.3 cm"
4403,"5 cm, 35 cm"
4404,"12.3kg, 27.1lbs"
4405,
4406,
4407,19cm
4408,
4409,
4410,
4411,"6.1 in, 8.0 in, 20.5 cm"
4412,"4.5 in, 11.5 cm, 3.9 in, 10.0 cm"
4413,"5.78in, 14.7cm, 3.22in, 8.2cm"
4414,"5.78in, 14.7cm, 3.22in, 8.2cm"
4415,"67mm, 103mm"
4416,
4417,
4418,
4419,
4420,140cm
4421,
4422,"95mm, 3.7in"
4423,"95mm, 3.7in"
4424,
4425,
4426,"60cm, 28cm, 43cm"
4427,"300 cm, 200 cm, 258 cm, 210 cm, 37 cm"
4428,20v
4429,
4430,"3.3inch, 3.9inch"
4431,
4432,
4433,6.2cm
4434,"137 cm, 53.9 in, 45 cm, 17.7 in, 3 cm, 1.2 in, 10 cm, 3.9 in"
4435,
4436,
4437,
4438,
4439,
4440,
4441,
4442,40 cm
4443,40 cm
4444,
4445,
4446,
4447,24v
4448,57 cm
4449,
4450,
4451,
4452,16mm
4453,16mm
4454,"108inch, 274cm, 54inch"
4455,"21.8cm, 8.1 inch, 2.3cm"
4456,"21.8cm, 8.1 inch, 2.3cm"
4457,
4458,
4459,14.4v
4460,
4461,
4462,"16in, 4cm"
4463,"16in, 4cm"
4464,"16in, 4cm"
4465,
4466,
4467,1794g
4468,"1 mm, 280 mm"
4469,"395 mm, 110 mm"
4470,"395 mm, 110 mm"
4471,"3.1in, 19.3in"
4472,"3.1in, 19.3in"
4473,"4.7 in, 12.1 cm, 0.9 in, 2.3 cm"
4474,"4.7 in, 12.1 cm, 0.9 in, 2.3 cm"
4475,
4476,
4477,
4478,
4479,
4480,220lbs
4481,"21.5cm, 8.46in"
4482,"21.5cm, 8.46in"
4483,
4484,
4485,
4486,
4487,"6.1 in, 15.5 cm"
4488,"2.91 in, 7.4 cm, 3.9 in, 10 cm"
4489,"2.91 in, 7.4 cm, 3.9 in, 10 cm"
4490,
4491,
4492,"170cm, 33.5cm"
4493,"113cm, 79cm, 16cm, 16cm, 28cm, 28cm"
4494,"113cm, 79cm, 16cm, 16cm, 28cm, 28cm"
4495,16gb
4496,16gb
4497,40 cm
4498,40 cm
4499,"11in, 8.5 in"
4500,"11in, 8.5 in"
4501,4g
4502,
4503,
4504,
4505,0w
4506,
4507,
4508,"9cm, 16cm"
4509,"9cm, 16cm"
4510,
4511,
4512,
4513,
4514,
4515,97 cm
4516,97 cm
4517,97 cm
4518,"9 cm, 1.5 cm"
4519,"9 cm, 1.5 cm"
4520,"320mm, 12.6in, 165mm, 260mm, 10.2in, 6.5in"
4521,"320mm, 12.6in, 165mm, 260mm, 10.2in, 6.5in"
4522,"5cm, 1.96in"
4523,"5cm, 1.96in"
4524,
4525,
4526,11cm
4527,"250 cm, 8 cm"
4528,"10g, 4g, 7g, 0g, 3g, 3g, 55g, 190mg, 2g, 10g, 3mg"
4529,"6.1in, 15.6cm"
4530,"6.1in, 15.6cm"
4531,200 kg
4532,
4533,"4 cm, 24 cm, 31 cm"
4534,
4535,
4536,
4537,150g
4538,"52in, 132cm"
4539,"52in, 132cm"
4540,
4541,
4542,"7.86 in, 20 cm"
4543,120cm
4544,"21cm, 11cm, 9cm"
4545,"21cm, 11cm, 9cm"
4546,7g
4547,7g
4548,"5.1 in, 13 cm, 7.4 in, 19 cm"
4549,"5.1 in, 13 cm, 7.4 in, 19 cm"
4550,"5.1 in, 13 cm, 7.4 in, 19 cm"
4551,
4552,
4553,
4554,
4555,
4556,
4557,
4558,"146 cm, 60 cm"
4559,"110cm, 49cm"
4560,"110cm, 49cm"
4561,"70mm, 2.8in, 48.5mm, 1.9in, 15mm, 6in, 40mm, 1.6in"
4562,
4563,
4564,5kg
4565,"13cm, 5.12in, 8.5cm, 3.35in"
4566,
4567,
4568,200 cm
4569,700g
4570,"75mm, 55mm"
4571,"75mm, 55mm"
4572,0212g
4573,"15cm, 16 cm, 5cm, 15 cm"
4574,"36.2in, 32.3in, 82cm"
4575,"36.2in, 32.3in, 82cm"
4576,12cm
4577,12cm
4578,5.3 in
4579,5.3 in
4580,5.3 in
4581,
4582,5 cm
4583,
4584,3cm
4585,3cm
4586,"5.9in, 3.9in"
4587,22.7mm
4588,22.7mm
4589,6.7kg
4590,036.5 mm
4591,036.5 mm
4592,036.5 mm
4593,"61cm, 151cm, 51cm, 105cm"
4594,
4595,
4596,
4597,
4598,
4599,
4600,1227g
4601,35.4 inch
4602,35.4 inch
4603,
4604,
4605,"2.75 inch, 4.5 inch, 1.7 inch, 3.3 inch"
4606,"1.9 in, 5 cm, 10 cm, 2.6 in, 3.9 in"
4607,
4608,3.3 lb
4609,
4610,
4611,
4612,"9.8 in, 25.0 cm, 3.0 in, 7.5 cm"
4613,
4614,"30 cm, 60 cm"
4615,
4616,"24 inch, 1.57 inch"
4617,"16.00cm, 6.30in, 22.00cm, 8.66in, 13.00cm, 5.12in"
4618,
4619,
4620,
4621,
4622,
4623,73 mm
4624,73 mm
4625,
4626,
4627,
4628,
4629,
4630,"7.86in, 20cm, 3.34in"
4631,"7.86in, 20cm, 3.34in"
4632,
4633,4.3in
4634,4.3in
4635,350 mm
4636,350 mm
4637,350 mm
4638,350 mm
4639,"300 cm, 200 cm, 258 cm, 210 cm, 37 cm"
4640,"8cm, 8cm, 1.7cm, 0.67inch"
4641,
4642,"43 cm, 30 cm"
4643,
4644,550lbs
4645,
4646,2 oz
4647,"332 mm, 207 mm, 50 mm"
4648,"332 mm, 207 mm, 50 mm"
4649,
4650,"24g, 3g, 5 lbs, 2.27kg"
4651,2.82 oz
4652,
4653,120w
4654,120w
4655,"122cm, 178cm, 229cm"
4656,"122cm, 178cm, 229cm"
4657,"122cm, 178cm, 229cm"
4658,
4659,18 inch
4660,18 inch
4661,
4662,"163cm, 54cm"
4663,"163cm, 54cm"
4664,20cm
4665,"70g, 20g, 500mg, 25g, 3g"
4666,"l,  ml"
4667,"77in, 75in"
4668,"16cm, 37.5cm, 27.5cm"
4669,"15 in, 38.1 cm, 21 in, 53.3 cm, 16 in, 40.6 cm"
4670,4 ounce
4671,"120cm, 68cm, 68cm"
4672,"120cm, 68cm, 68cm"
4673,
4674,
4675,
4676,150lbs
4677,
4678,27.6in
4679,
4680,
4681,3 in
4682,
4683,"59cm, 23.23in, 20cm, 23.23in, 43cm, 16.9in, 20cm, 23.23in, 11.8in"
4684,
4685,"13.8 in, 35.0 cm, 11.0 in, 28.0 cm"
4686,"13.8 in, 35.0 cm, 11.0 in, 28.0 cm"
4687,
4688,2lbs
4689,"13 inch, 13 cm"
4690,200g
4691,"4.5cm, 6cm"
4692,"17in, 20 in"
4693,
4694,100w
4695,"6cm, 8cm"
4696,"6cm, 8cm"
4697,
4698,
4699,2.3cm
4700,2.3cm
4701,
4702,"18cm, 13cm"
4703,"18cm, 13cm"
4704,330 lbs
4705,
4706,"14.00 cm, 5.51 in"
4707,"14.00 cm, 5.51 in"
4708,"8.8cm, 3.4in, 8.3cm, 3.2in"
4709,
4710,15lb
4711,
4712,
4713,
4714,
4715,"4.7 in, 12.0 cm, 1.9 in, 5.0 cm"
4716,"4.7 in, 12.0 cm, 1.9 in, 5.0 cm"
4717,1 cm
4718,1 cm
4719,
4720,"28mm, 10mm, 0.39in"
4721,"28mm, 10mm, 0.39in"
4722,28cm
4723,28cm
4724,
4725,"6.88in, 2.99in, 7.6cm"
4726,"6.88in, 2.99in, 7.6cm"
4727,"30cm, 11.79inch, 16cm, 6.29inch"
4728,"30cm, 11.79inch, 16cm, 6.29inch"
4729,
4730,
4731,
4732,
4733,"2.36in, 8.26in, 11.61in"
4734,
4735,
4736,"180 kg, 180 kilograms"
4737,07in
4738,07in
4739,
4740,"633cm, 12.9in, 55in, 11.8in"
4741,
4742,
4743,
4744,
4745,
4746,
4747,
4748,
4749,
4750,"66in, 22cm"
4751,
4752,16.3kg
4753,
4754,
4755,"3.5cm, 1.38inch"
4756,"3.5cm, 1.38inch"
4757,
4758,
4759,
4760,2000w
4761,
4762,"7.8 in, 20 cm"
4763,36 cm
4764,
4765,
4766,165mm
4767,165mm
4768,
4769,24 inch
4770,84cm
4771,
4772,380 mm
4773,
4774,"24gb, 512gb"
4775,"24gb, 512gb"
4776,880 lbs
4777,
4778,
4779,
4780,"600w, 220v"
4781,"600w, 220v"
4782,
4783,
4784,
4785,
4786,
4787,
4788,
4789,"45mm, 1.76in, 36mm, 1.4in"
4790,"45mm, 1.76in, 36mm, 1.4in"
4791,"45mm, 1.76in, 36mm, 1.4in"
4792,"10cm, 8cm, 9cm, 12cm, 10cm"
4793,
4794,"19.7 in, 50.0 cm, 15.7 in, 40.0 cm"
4795,50g
4796,175 kg
4797,
4798,
4799,
4800,"30cm, 12in, 45cm, 18in"
4801,"30cm, 12in, 45cm, 18in"
4802,"58mm, 125mm"
4803,"58mm, 125mm"
4804,
4805,"8.8cm, 7.2cm"
4806,"3 cm, 110 cm, 2 cm, 3 cm, 7 cm, 7 cm"
4807,"9cm, 25cm"
4808,"3.8cm, 1.49in"
4809,"3.8cm, 1.49in"
4810,
4811,"2.5 cm, 0.98 in"
4812,"2.5 cm, 0.98 in"
4813,"2.5 cm, 0.98 in"
4814,"3.1 in, 8 cm, 4.2 in, 10.8 cm"
4815,"3.1 in, 8 cm, 4.2 in, 10.8 cm"
4816,50g
4817,"3.5cm, 1.37inch, 15.2cm, 5.98inch"
4818,"3.5cm, 1.37inch, 15.2cm, 5.98inch"
4819,"51 cm, 117 cm, 28 cm"
4820,"51 cm, 117 cm, 28 cm"
4821,"7.08in, 18cm, 2.75in, 7cm"
4822,"7.08in, 18cm, 2.75in, 7cm"
4823,"7.08in, 18cm, 2.75in, 7cm"
4824,1.76 oz
4825,"29mm, 1.14in"
4826,"29mm, 1.14in"
4827,
4828,
4829,
4830,
4831,
4832,"30cm, 55cm"
4833,"30cm, 55cm"
4834,60 cm
4835,
4836,"5v, 5v, 12w, 5v"
4837,"10 cm, 10 cm, 26.5 cm"
4838,"10 cm, 10 cm, 26.5 cm"
4839,"84.5cm, 50cm, 47.9cm"
4840,"59.5 cm, 51 cm, 72 cm"
4841,
4842,"13cm, 19cm"
4843,"13cm, 19cm"
4844,"28g, 226 g"
4845,92 mm
4846,92 mm
4847,
4848,
4849,1500w
4850,1500w
4851,
4852,"4.72in, 57.87in, 6.22in, 4.72in"
4853,"4.72in, 57.87in, 6.22in, 4.72in"
4854,1.82kg
4855,
4856,"23cm, 22cm"
4857,"23cm, 22cm"
4858,
4859,"27.5g, 1 ounce"
4860,114 cm
4861,114 cm
4862,9w
4863,9w
4864,"48 cm, 65 cm, 165 cm, 85 cm"
4865,
4866,
4867,"110v, 1200w"
4868,"110v, 1200w"
4869,
4870,4kg
4871,"40 cm, 4 cm"
4872,21cm
4873,21cm
4874,"4.53inch, 74inch, 2.5cm, 98inch, 26cm, 10.24inch"
4875,200 cm
4876,"4cm, 7cm"
4877,"4cm, 7cm"
4878,
4879,12w
4880,12w
4881,454g
4882,
4883,
4884,250lb
4885,
4886,
4887,
4888,
4889,"182 cm, 35 cm"
4890,"182 cm, 35 cm"
4891,"182 cm, 35 cm"
4892,"5in, 12.7cm"
4893,"5v, 15w"
4894,"5v, 15w"
4895,
4896,"14 cm, 16 cm, 26 cm"
4897,"14 cm, 16 cm, 26 cm"
4898,"0g, 0mg, 610mg"
4899,"8.8 cm, 3.5 inch"
4900,"89in, 4.8cm, 1.89in, 4.8cm"
4901,"89in, 4.8cm, 1.89in, 4.8cm"
4902,"89in, 4.8cm, 1.89in, 4.8cm"
4903,8 cm
4904,8 cm
4905,10.3 cm
4906,440lb
4907,
4908,"1.2 inch, 3 cm, 12 inch, 30.5 cm"
4909,"1.2 inch, 3 cm, 12 inch, 30.5 cm"
4910,"1.2 inch, 3 cm, 12 inch, 30.5 cm"
4911,
4912,"3.93inch, 20cm, 7.87inch"
4913,"3.93inch, 20cm, 7.87inch"
4914,"240mm, 84mm"
4915,75mm
4916,75mm
4917,21v
4918, ml
4919,
4920,
4921,
4922,
4923,
4924,
4925,440 lbs
4926,500mg
4927,
4928,500g
4929,20g
4930,
4931,
4932,
4933,
4934,
4935,
4936,
4937,"8 oz, 227 g"
4938,"110mm, 85mm, 110mm"
4939,
4940,"1.38 in, 35 mm, 3.94 in, 100 mm"
4941,"1.38 in, 35 mm, 3.94 in, 100 mm"
4942,
4943,
4944,
4945,"8in, 3.7in"
4946,
4947,
4948,"7.2cm, 2.83in"
4949,"7.2cm, 2.83in"
4950,"4cm, 1.57 in, 26cm, 10.24 in, 7.8 cm, 3.07 in"
4951,"4cm, 1.57 in, 26cm, 10.24 in, 7.8 cm, 3.07 in"
4952,"4cm, 1.57 in, 26cm, 10.24 in, 7.8 cm, 3.07 in"
4953,
4954,
4955,42cm
4956,"3 cm, 12.1 cm"
4957,"3 cm, 12.1 cm"
4958,"67mm, 55mm"
4959,810 mm
4960,810 mm
4961,
4962,
4963,24.9g
4964,
4965,25 g
4966,120g
4967,4 cm
4968,4 cm
4969,
4970,
4971,
4972,
4973,120cm
4974,120cm
4975,
4976,
4977,
4978,"35 cm, 13.78 inch, 5 cm, 2.95 inch, 5 cm, 2.95 inch"
4979,"10.4cm, 4.09in, 6.8cm, 2.68in"
4980,"10.4cm, 4.09in, 6.8cm, 2.68in"
4981,
4982,
4983,
4984,
4985,
4986,150kg
4987,
4988,
4989,
4990,
4991,
4992,
4993,
4994,
4995,"85cm, 150cm, 75cm"
4996,"54 cm, 140 cm"
4997,"54 cm, 140 cm"
4998,300 cm
4999,300 cm
5000,300 cm
5001,
5002,
5003,15lb
5004,"7.9in, 20cm, 9.1in, 23cm"
5005,"7.9in, 20cm, 9.1in, 23cm"
5006,
5007,
5008,
5009,
5010,30w
5011,
5012,30w
5013,
5014,0.59in
5015,0.59in
5016,9 mm
5017,9 mm
5018,
5019,"5.1 in, 13 cm"
5020,"5.1 in, 13 cm"
5021,30 cm
5022,
5023,60w
5024,"96cm, 38in"
5025,"96cm, 38in"
5026,9 cm
5027,9 cm
5028,"20cm, 7.87in"
5029,"20cm, 7.87in"
5030,"20cm, 7.87in"
5031,"106.7 cm, 92.7 cm"
5032,"67cm, 26.4in"
5033,"5.5cm, 2.16inch"
5034,60 cm
5035,60 cm
5036,23cm
5037,340w
5038,
5039,
5040,
5041,"15g, 2g, 1.16 oz, 33g, 8.12 oz, 231g"
5042,
5043,
5044,"1 cm, 7.5 cm"
5045,"1 cm, 7.5 cm"
5046,
5047,99g
5048,
5049,"18 cm, 18 cm, 90 cm"
5050,"4.9 in, 12.5 cm, 4 cm, 1.1 in, 3.1 in"
5051,
5052,
5053,
5054,2oz
5055,"16.76cm, 36.32cm, 37.08cm"
5056,40 cm
5057,40 cm
5058,40 cm
5059,3.94in
5060,3.94in
5061,
5062,34.3cm
5063,34.3cm
5064,34.3cm
5065,
5066,16gb
5067,16gb
5068,
5069,
5070,
5071,3.94in
5072,3.94in
5073,3.94in
5074,
5075,220v
5076,220v
5077,
5078,"7.20in, 18.5 cm, 4.13in, 10.5 cm"
5079,"7.20in, 18.5 cm, 4.13in, 10.5 cm"
5080,
5081,
5082,"8.5cm, 3.3in, 5.5cm"
5083,"8.5cm, 3.3in, 5.5cm"
5084,6kg
5085,200w
5086,200w
5087,
5088,"33inch, 9.8inch"
5089,"33inch, 9.8inch"
5090,
5091,8 cm
5092,8 cm
5093,8 cm
5094,
5095,"50mm, 280mm"
5096,"13cm, 8.5cm, 11cm, 13cm"
5097,
5098,"2.9 in, 7.5 cm, 1.3 in, 3.5 cm"
5099,"2.9 in, 7.5 cm, 1.3 in, 3.5 cm"
5100,6cm
5101,6cm
5102,6cm
5103,
5104,
5105,"75mm, 33mm, 17mm"
5106,"75mm, 33mm, 17mm"
5107,"60mm, 64mm, 42mm"
5108,150kg
5109,"5.89in, 15cm, 4.33in, 11cm"
5110,"5.89in, 15cm, 4.33in, 11cm"
5111,"8.3cm, 3.27in, 7.3cm, 2.87in, 8.9cm, 3.51in"
5112,
5113,
5114,"9.9g, 43.9g"
5115,"9 cm, 8.5 cm"
5116,"9 cm, 8.5 cm"
5117,
5118,
5119,
5120,45 cm
5121,
5122,48 cm
5123,"12cm, 20cm"
5124,"12cm, 20cm"
5125,40cm
5126,40cm
5127,
5128,
5129,
5130,
5131,
5132,"7.1 in, 18 cm, 6.3 in, 16 cm"
5133,"7.1 in, 18 cm, 6.3 in, 16 cm"
5134,"35cm, 20cm, 215cm, 160cm, 28cm, 450cm"
5135,"1.8 in, 4.8 cm, 1.7 in, 4.5 cm"
5136,"1.8 in, 4.8 cm, 1.7 in, 4.5 cm"
5137,"7 cm, 0 cm"
5138,"7 cm, 0 cm"
5139,
5140,"92cm, 28cm, 106cm"
5141,"92cm, 28cm, 106cm"
5142,"10.6 in, 27 cm, 19.6 in, 50 cm"
5143,"18v, 18v"
5144,"18v, 18v"
5145,
5146,
5147,
5148,
5149,56kg
5150,7cm
5151,7cm
5152,
5153,
5154,
5155,"20g, 375g"
5156,1 cm
5157,
5158,
5159,190.5cm
5160,190.5cm
5161,166.0 cm
5162,166.0 cm
5163,
5164,"230cm, 90.55in"
5165,"6.7 in, 5 in, 9.0 cm"
5166,"6.7 in, 5 in, 9.0 cm"
5167,"6.7 in, 5 in, 9.0 cm"
5168,30 cm
5169,
5170,
5171,51.0 g
5172,
5173,
5174,350g
5175,"8cm, 23cm"
5176,300 kg
5177,40cm
5178,40cm
5179,1 cm
5180,1 cm
5181,"8 cm, 90 cm"
5182,
5183,
5184,
5185,
5186,
5187,49kg
5188,"10v, 3000w"
5189,"10v, 3000w"
5190,"5.6cm, 12cm"
5191,"5.6cm, 12cm"
5192,
5193,
5194,
5195,1300w
5196,1300w
5197,"19cm, 29cm"
5198,"19cm, 29cm"
5199,
5200,110 kg
5201,"78 cm, 3 cm"
5202,"78 cm, 3 cm"
5203,
5204,9cm
5205,30kg
5206,"10inch, 8inch, 4inch, 6inch, 15cm"
5207,"10inch, 8inch, 4inch, 6inch, 15cm"
5208,"200 cm, 2 cm"
5209,
5210,
5211,
5212,
5213,40cm
5214,40cm
5215,40cm
5216,7cm
5217,7cm
5218,
5219,
5220,
5221,"40kg, 30g"
5222,"3.1 in, 8.0 cm, 5.5 in, 0 cm"
5223,"3.1 in, 8.0 cm, 5.5 in, 0 cm"
5224,"3.1 in, 8.0 cm, 5.5 in, 0 cm"
5225,
5226,"9in, 163mm, 176mm, 3in"
5227,
5228,"10 cm, 8 cm"
5229,"35.4in, 90cm, 3.9in, 10cm"
5230,"35.4in, 90cm, 3.9in, 10cm"
5231,
5232,"1.57in, 1.18in, 3 cm, 0.78 in, 2 cm, 4cm"
5233,"1.57in, 1.18in, 3 cm, 0.78 in, 2 cm, 4cm"
5234,175g
5235,
5236,
5237,"3.26 in, 8.3 cm, 2.67 in, 6.8 cm"
5238,"3.26 in, 8.3 cm, 2.67 in, 6.8 cm"
5239,
5240,
5241,
5242,100g
5243,"34cm, 7cm"
5244,"8.75 in, 22.2 cm"
5245,"8.75 in, 22.2 cm"
5246,"8.75 in, 22.2 cm"
5247,
5248,
5249,450w
5250,450w
5251,"42cm, 42cm"
5252,
5253,
5254,
5255,
5256,"7.86 in, 20 cm"
5257,"7.86 in, 20 cm"
5258,"7.86 in, 20 cm"
5259,32inch
5260,"10 kg, 10 kg"
5261,
5262,450 cm
5263,450 cm
5264,2.8 inch
5265,"160 mm, 5 mm"
5266,
5267,"25cm, 29cm"
5268,
5269,
5270,
5271,143 mm
5272,143 mm
5273,2volt
5274,
5275,1500w
5276,1500w
5277,"3cm, 12cm"
5278,"3cm, 12cm"
5279,
5280,"23 cm, 95 cm"
5281,"95 mm, 200 mm"
5282,"95 mm, 200 mm"
5283,"95 mm, 200 mm"
5284,15cm
5285,"195cm, 18cm, 50cm"
5286,
5287,30v
5288,30v
5289,
5290,
5291,
5292,"40 cm, 3 cm"
5293,4kg
5294,
5295,
5296,0g
5297,17inch
5298,17inch
5299,17inch
5300,6.7 ounce
5301,
5302,
5303,"9in, 17.7in, 496cm"
5304,
5305,45 cm
5306,1 cm
5307,"240mm, 0240mm"
5308,
5309,"8.5cm, 11.5cm, 9cm"
5310,50 cm
5311,50 cm
5312,"12v, 12v"
5313,"12v, 12v"
5314,34cm
5315,34cm
5316,
5317,
5318,
5319,
5320,"2.6 in, 6.5 cm, 2.6 in, 6.5 cm"
5321,"2.6 in, 6.5 cm, 2.6 in, 6.5 cm"
5322,
5323,
5324,
5325,"12cm, 7cm, 18cm"
5326,
5327,
5328,
5329,
5330,
5331,
5332,
5333,"6.7 inch, 5.0 inch"
5334,"25cm, 9.84inch"
5335,"25cm, 9.84inch"
5336,7cm
5337,
5338,
5339,
5340,2 w
5341,2 w
5342,1 cm
5343,1 cm
5344,
5345,
5346,10 cm
5347,10 cm
5348,
5349,"3.14 in, 8 cm"
5350,"3.14 in, 8 cm"
5351,"7.5cm, 8cm, 9cm"
5352,"9 cm, 24 in"
5353,"9 cm, 24 in"
5354,"200 lbs, 200 lbs"
5355,"1.25 lb, 15 lb"
5356,138g
5357,"170mm, 150mm"
5358,"170mm, 150mm"
5359,
5360,
5361,
5362,9 cm
5363,9 cm
5364,"5.11 in, 13 cm, 5.11 in, 13 cm"
5365,
5366,
5367,"3.94in, 32.5cm, 12.80in, 11.5cm, 4.53in"
5368,220lbs
5369,8.5cm
5370,6inch
5371,
5372,56 m
5373,
5374,12v
5375,
5376,
5377,"24cm, 9.4in, 45cm, 17.7in"
5378,"24cm, 9.4in, 45cm, 17.7in"
5379,"1.97 in, 5 cm"
5380,"1.97 in, 5 cm"
5381,"8.65in, 22cm, 8.25in, 21cm"
5382,"8.65in, 22cm, 8.25in, 21cm"
5383,
5384,
5385,"35 cm, 60 cm"
5386,"20mm, 17mm, 13mm, 13mm, 20mm, 17mm, 7mm, 6mm"
5387,
5388,
5389,
5390,56cm
5391,
5392,
5393,
5394,
5395,
5396,
5397,
5398,"5.4 in, 2.75 in, 2 in, 42 in, 29.9 in"
5399,"6cm, 2.36in, 12cm, 4.72in"
5400,"6cm, 2.36in, 12cm, 4.72in"
5401,"45mm, 1.77in, 62mm, 2.44in"
5402,"45mm, 1.77in, 62mm, 2.44in"
5403,"17.5cm, 6.9in"
5404,
5405,
5406,
5407,
5408,81mm
5409,81mm
5410,
5411,
5412,"12.59 in, 32 cm, 4.3 in, 11 cm"
5413,"12.59 in, 32 cm, 4.3 in, 11 cm"
5414,"12.59 in, 32 cm, 4.3 in, 11 cm"
5415,30mm
5416,
5417,
5418,63.96w
5419,63.96w
5420,
5421,"10cm, 3.9in, 120cm, 47.2in, 14cm"
5422,8.7kg
5423,
5424,
5425,
5426,
5427,"72cm, 60cm"
5428,
5429,"48cm, 16cm, 25cm"
5430,"48cm, 16cm, 25cm"
5431,"3.9 in, 7 in, 18 cm"
5432,"3.9 in, 7 in, 18 cm"
5433,
5434,
5435, ml
5436,
5437,
5438,
5439,
5440,
5441,"4.7 in, 119 mm, 2.9 in, 75 mm, 0.3 in"
5442,
5443,
5444,
5445,
5446,
5447,
5448,8in
5449,
5450,
5451,"4.13 in, 10.5 cm, 0.9 in, 2.3 cm"
5452,"6inch, 6.02 in, 5.19in, 3.66in"
5453,
5454,45 w
5455,45 w
5456,
5457,
5458,
5459,
5460,"22cm, 9.5cm"
5461,"22cm, 9.5cm"
5462,"2m, 74inch"
5463,"2m, 74inch"
5464,
5465,330lbs
5466,
5467,"66mm, 25mm"
5468,"66mm, 25mm"
5469,"5.80cm, 2.28in, 3.93in"
5470,"5.80cm, 2.28in, 3.93in"
5471,
5472,8 inch
5473,8 inch
5474,300w
5475,300w
5476,"381 mm, 188 mm, 51 mm"
5477,"381 mm, 188 mm, 51 mm"
5478,
5479,
5480,
5481,
5482,265 lbs
5483,
5484,"4.3 in, 11.0 cm, 6.8 in, 17.5 cm"
5485,"4.3 in, 11.0 cm, 6.8 in, 17.5 cm"
5486,"3.3in, 2.4 in, 6cm, 8.5 in, 21.5cm"
5487,
5488,
5489,
5490,"52cm, 013cm, 21cm, 016cm"
5491,"52cm, 013cm, 21cm, 016cm"
5492,
5493,"11.0 in, 28 cm, 39.3 in, 100 cm"
5494,"11.0 in, 28 cm, 39.3 in, 100 cm"
5495,110v
5496,110v
5497,
5498,
5499,"100 cm, 8 cm"
5500,"5.1 in, 13.0 cm, 9.6 in, 24.5 cm"
5501,"5.1 in, 13.0 cm, 9.6 in, 24.5 cm"
5502,
5503,
5504,"13.8cm, 6cm, 6cm, 5.5cm"
5505,25cm
5506,25cm
5507,25cm
5508,
5509,"30cm, 11.81in"
5510,"30cm, 11.81in"
5511,"30cm, 11.81in"
5512,
5513,50 lbs
5514,
5515,"330 mm, 515 mm"
5516,"330 mm, 515 mm"
5517,
5518,
5519,
5520,"5.5 in, 14.0 cm, 5.5 in, 14.0 cm"
5521,"5.5 in, 14.0 cm, 5.5 in, 14.0 cm"
5522,"65cm, 13cm"
5523,420mm
5524,420mm
5525,106 cm
5526,106 cm
5527,
5528,"4gb, 32gb"
5529,"4gb, 32gb"
5530,22.5w
5531,20 mm
5532,20 mm
5533,20 mm
5534,1500w
5535,l
5536,l
5537,"5.31 in, 13.5 cm, 8.25 in, 21 cm"
5538,"2inch, 8inch"
5539,"2inch, 8inch"
5540,100 cm
5541,100 cm
5542,"23cm, 12cm"
5543,"23cm, 12cm"
5544,
5545,"109mm, 275mm"
5546,
5547,6 in
5548,
5549,"24in, 23.8in, 11.8in, 0.6in, 7.87in"
5550,
5551,
5552,"81inch, 30cm"
5553,"81inch, 30cm"
5554,"81inch, 30cm"
5555,"4cm, 9cm"
5556,4cm
5557,4cm
5558,
5559,
5560,
5561,40.5 cm
5562,3.9in
5563,3.9in
5564,"330lbs, 150kg"
5565,
5566,
5567,30cm
5568,30cm
5569,"8 cm, 100 cm"
5570,"8 cm, 100 cm"
5571,"44mm, 136mm"
5572,
5573,
5574,
5575,"1600w, 1800w, 1800w, 240v"
5576,"19cm, 7.48in, 12.5cm, 4.92in, 6.5cm, 0.59in, 2.56in"
5577,"19cm, 7.48in, 12.5cm, 4.92in, 6.5cm, 0.59in, 2.56in"
5578,"13cm, 5.12in"
5579,330lb
5580,
5581,
5582,
5583,"55 inch, 28 inch"
5584,"55 inch, 28 inch"
5585,
5586,
5587,"12cm, 4.7inch, 150cm, 5.9inch, 11.8inch"
5588,"12cm, 4.7inch, 150cm, 5.9inch, 11.8inch"
5589,"72mm, 120mm, 37mm"
5590,
5591,
5592,
5593,"7.28in, 18.5cm, 1.38in, 3.5cm"
5594,
5595,
5596,12cm
5597,12cm
5598,12cm
5599,"3.3 in, 8.5 cm, 8.1 in, 20.5 cm"
5600,"3.3 in, 8.5 cm, 8.1 in, 20.5 cm"
5601,"3.3 in, 8.5 cm, 8.1 in, 20.5 cm"
5602,
5603,
5604,
5605,
5606,
5607,8cm
5608,8cm
5609,8cm
5610,520g
5611,"65cm, 25.6in, 35cm, 13.8in, 1.4cm, 55in, 1.06in"
5612,"18mm, 89cm, 35in, 0.79in"
5613,
5614,
5615,5.3cm
5616,5.3cm
5617,8 cm
5618,8 cm
5619,"12cm, 24cm"
5620,"5.7 in, 14.5 cm, 1.6 in, 4 cm"
5621,"5.7 in, 14.5 cm, 1.6 in, 4 cm"
5622,030cm
5623,030cm
5624,030cm
5625,
5626,
5627,"3.1 in, 8.0 cm, 4.9 in, 12.5 cm"
5628,10 g
5629,
5630,
5631,
5632,
5633,"3.14 in, 8cm"
5634,"3.14 in, 8cm"
5635,
5636,"6 cm, 10 cm, 6 cm"
5637,
5638,"3.54in, 9cm, 6.69in, 17cm"
5639,"3.54in, 9cm, 6.69in, 17cm"
5640,"500 mm, 440 mm"
5641,"500 mm, 440 mm"
5642,
5643,"24cm, 32cm"
5644,
5645,260lbs
5646,"8w, 220v"
5647,"8w, 220v"
5648,"16.5 cm, 10.7 cm"
5649,"16.5 cm, 10.7 cm"
5650,33 oz
5651,3.93 inch
5652,3.93 inch
5653,3.93 inch
5654,120w
5655,120w
5656,1450w
5657,1450w
5658,660lbs
5659,1 lb
5660,
5661,
5662,"10.8cm, 12cm"
5663,"10.8cm, 12cm"
5664,"10.8cm, 12cm"
5665,
5666,"12cm, 25cm"
5667,"12cm, 25cm"
5668,
5669,
5670,30cm
5671,30cm
5672,30cm
5673,"15.5cm, 7cm"
5674,"15.5cm, 7cm"
5675,
5676,
5677,
5678,
5679,
5680,
5681,
5682,"220v, 1400w"
5683,"220v, 1400w"
5684,
5685,
5686,"3.9 in, 10 cm"
5687,35 cm
5688,162 mm
5689,162 mm
5690,"9cm, 3.5in"
5691,"2.75 in, 7.0 cm"
5692,"2.75 in, 7.0 cm"
5693,3.8cm
5694,3.8cm
5695,
5696,
5697,
5698,120 cm
5699,"15.7 in, 40 cm, 15.7 in, 40 cm"
5700,120mm
5701,120mm
5702,
5703,1 g
5704,
5705,"104w, 14.8 w"
5706,
5707,
5708,
5709,100kg
5710,
5711,"7cm, 2.7in"
5712,"7.9in, 20cm, 2.4in, 6cm"
5713,"7.9in, 20cm, 2.4in, 6cm"
5714,"300 lbs, 300 lbs"
5715,"40 cm, 5 cm"
5716,
5717,
5718,"23cm, 1m, 15cm"
5719,150kg
5720,
5721,
5722,
5723,
5724,
5725,"7cm, 16.5cm"
5726,"7cm, 16.5cm"
5727,"80 cm, 8 cm"
5728,
5729,
5730,
5731,
5732,
5733,21v
5734,
5735,"48mm, 30mm, 44mm"
5736,"66.14cm, 13.9cm, 15.55cm"
5737,
5738,4.6lbs
5739,
5740,
5741,"3.73in, 5.70in"
5742,"3.73in, 5.70in"
5743,
5744,"1.2cm, 11.4cm"
5745,"6.3cm, 12.48inch, 19.2cm, 7.55inch, 30cm, 12inch"
5746,60 cm
5747,60 cm
5748,60 lbs
5749, ml
5750,"028cm, 48.7 cm, 8.1cm, 022.2cm"
5751,
5752,"2in, 14in"
5753,"2in, 14in"
5754,"2in, 14in"
5755,"36cm, 6cm, 120cm, 150cm"
5756,
5757,"4.3in, 19cm, 4.3in"
5758,45mm
5759,"5.42 in, 13.8 cm, 3.38 in, 8.6 cm"
5760,
5761,"32.6cm, 23.7cm"
5762,"32.6cm, 23.7cm"
5763,3.3 in
5764,3.3 in
5765,3.3 in
5766,"8cm, 3.15in, 0.8cm, 0.31in"
5767,"8cm, 3.15in, 0.8cm, 0.31in"
5768,"2.6 in, 6.7 cm, 8.5 in"
5769,"2.6 in, 6.7 cm, 8.5 in"
5770,1v
5771,
5772,"57mm, 50mm"
5773,"57mm, 50mm"
5774,110v
5775,110v
5776,43 lbs
5777,"5.12 in, 13 cm, 13.98 in, 35.5 cm, 0.43 in, 1.1 cm"
5778,"5.12 in, 13 cm, 13.98 in, 35.5 cm, 0.43 in, 1.1 cm"
5779,"3 cm, 3 cm, 5 cm"
5780,"10.5cm, 4.13in, 10.5cm, 4.13in"
5781,"12v, 80w"
5782,
5783,
5784,220 mm
5785,
5786,"35 g, 5 g, 0 g, 0.1 g, 2.5 g, 0 mg, 125 mg, 125 mg, 23 g, 4 g, 7 g, 3 g"
5787,"310 cm, 445 cm"
5788,"310 cm, 445 cm"
5789,"2.7 cm, 3.9 cm"
5790,"36cm, 13cm"
5791,"36cm, 13cm"
5792,
5793,"28cm, 11.02in, 9.5cm, 3.74in"
5794,
5795,
5796,
5797,"7.27 in, 18.5 cm, 10.22 in, 26.0 cm"
5798,"7.27 in, 18.5 cm, 10.22 in, 26.0 cm"
5799,
5800,
5801,"7.1 in, 18.0 cm, 7.1 in, 18.0 cm"
5802,"7.1 in, 18.0 cm, 7.1 in, 18.0 cm"
5803,
5804,
5805,8 oz
5806,0 cm
5807,0 cm
5808,84.5g
5809,
5810,
5811,"3.74 in, 9.5 cm, 7.87 in, 20 cm"
5812,"3.74 in, 9.5 cm, 7.87 in, 20 cm"
5813,
5814,
5815,200 mm
5816,
5817,600 lbs
5818,
5819,
5820,745lbs
5821,"28cm, 3.14in, 8cm"
5822,"28cm, 3.14in, 8cm"
5823,18.5cm
5824,18.5cm
5825,18.5cm
5826,
5827,
5828,
5829,"4gb, 64gb"
5830,"4gb, 64gb"
5831,
5832,
5833,"6 cm, 5 cm"
5834,
5835,
5836,"4.13 in, 10.5 cm, 4.64 in, 11.8 cm"
5837,"4.13 in, 10.5 cm, 4.64 in, 11.8 cm"
5838,
5839,"2 cm, 10 cm"
5840,"2 cm, 10 cm"
5841,
5842,"10.6 in, 27 cm, 8.2 in, 21 cm"
5843,"10.6 in, 27 cm, 8.2 in, 21 cm"
5844,"110cm, 43inch, 52cm, 8inch"
5845,"110cm, 43inch, 52cm, 8inch"
5846,
5847,
5848,
5849,60cm
5850,60cm
5851,60cm
5852,
5853,0.4kg
5854,
5855,"37cm, 20cm, 27cm"
5856,"37cm, 20cm, 27cm"
5857,"37cm, 20cm, 27cm"
5858,2.3kg
5859,
5860,
5861,25 kg
5862,
5863,
5864,
5865,285lbs
5866,"13cm, 22cm"
5867,
5868,6.4cm
5869,"60 cm, 35cm"
5870,"15.3cm, 6.02inch, 5.3cm"
5871,6.2cm
5872,6.2cm
5873,100 kg
5874,100 kg
5875,
5876,4198m
5877,"205mm, 110mm, 302mm, 240mm, 50mm, 32mm"
5878,
5879,"108mm, 4.3in, 76mm, 3in, 30mm, 1.2in"
5880,"30 mm, 8 mm"
5881,300w
5882,300w
5883,40 cm
5884,40 cm
5885,40 cm
5886,180 cm
5887,180 cm
5888,
5889,
5890,
5891,
5892,
5893,
5894,
5895,"8.45 in, 21.5 cm, 72 in, 12 cm"
5896,"8.45 in, 21.5 cm, 72 in, 12 cm"
5897,"25cm, 46cm, 165cm"
5898,"90 cm, 180 cm, 5 in"
5899,
5900,"0.8 in, 2 cm, 2 in, 5 cm"
5901,
5902,"35 cm, 40 cm"
5903,
5904,
5905,
5906,
5907,"13cm, 5cm"
5908,
5909,
5910,"21.5kg, 150kg"
5911,
5912,"7.5cm, 9cm"
5913,
5914,
5915,
5916,
5917,1800w
5918,"77.5cm, 29cm, 13cm, 39cm"
5919,"55cm, 65cm"
5920,"55cm, 65cm"
5921,18g
5922,
5923,
5924,"20.2cm, 17.2cm, 7.95in, 6.77in, 5.3cm, 2.08in"
5925,"20.2cm, 17.2cm, 7.95in, 6.77in, 5.3cm, 2.08in"
5926,
5927,
5928,5 cm
5929,5 cm
5930,"20w, 18w, 18w"
5931,"7.8 cm, 3.07 inch, 1.5cm, 0.59inch"
5932,150 kg
5933,
5934,
5935,
5936,5cm
5937,
5938,
5939,"70cm, 27.3inch, 70cm, 27.3inch, 130cm"
5940,"8cm, 23cm"
5941,
5942,
5943,
5944,"11.7 cm, 4.6 inch, 37.6 cm, 14.8 inch"
5945,80w
5946,80w
5947,250 lbs
5948,12kg
5949,
5950,"110 cm, 60 cm"
5951,21v
5952,
5953,
5954,"60cm, 23.6in"
5955,
5956,1200 w
5957,1200 w
5958,"7.0 in, 18 cm, 1.9 in, 5.0 cm"
5959,
5960,"4 oz, 113g"
5961,
5962,
5963,
5964,
5965,"4.3in, 11 cm"
5966,"4.3in, 11 cm"
5967,"4.3in, 11 cm"
5968,
5969,27cm
5970,27cm
5971,27cm
5972,
5973,
5974,
5975,
5976,"8cm, 3.14in"
5977,"8cm, 3.14in"
5978,
5979,"3cm, 1.18in, 3cm, 1.18in"
5980,"3cm, 1.18in, 3cm, 1.18in"
5981,"43 cm, 57 cm, 57 cm"
5982,
5983,
5984,
5985,
5986,"1.6 in, 4.0 cm, 4.1 in, 10.5 cm"
5987,"1.6 in, 4.0 cm, 4.1 in, 10.5 cm"
5988,
5989,
5990,"5.9 in, 15 cm, 3.1 in, 8 cm"
5991,"5.9 in, 15 cm, 3.1 in, 8 cm"
5992,41cm
5993,"160 cm, 3 in"
5994,"5cm, 22cm"
5995,25cm
5996,l
5997,"25 cm, 8 cm, 8 cm"
5998,6.6cm
5999,6.6cm
6000,"07in, 18cm, 47.16in, 120cm"
6001,"07in, 18cm, 47.16in, 120cm"
6002,
6003,
6004,
6005,"113g, 4 oz, 113 g"
6006,
6007,
6008,
6009,
6010,"17cm, 6.5cm, 2.6in"
6011,"17cm, 6.5cm, 2.6in"
6012,"22.8cm, 18.8cm, 13.2cm"
6013,"22.8cm, 18.8cm, 13.2cm"
6014,"13cm, 5.12inch"
6015,"50 cm, 90 cm"
6016,13.2cm
6017,13.2cm
6018,
6019,
6020,
6021,"1 cm, 8 cm, 1 cm, 33 cm"
6022,
6023,339 oz
6024,40cm
6025,"0.79 in, 2 cm"
6026,
6027,74.6ml
6028,"120 cm, 4 cm, 84 cm, 2 cm, 30 cm"
6029,"12v, 12v"
6030,
6031,
6032,
6033,"106cm, 54cm, 95cm, 18cm"
6034,
6035,
6036,"6.5cm, 2.6cm, 15.5cm, 6.1inch"
6037,
6038,
6039,
6040,
6041,
6042,"4.4in, 11.2cm, 1.2in, 3cm"
6043,3w
6044,3w
6045,"50 cm, 8 cm"
6046,75mm
6047,12in
6048,12in
6049,12in
6050,
6051,"8cm, 3 inch"
6052,"8cm, 3 inch"
6053,"8cm, 3 inch"
6054,
6055,21 cm
6056,21 cm
6057,0295 mm
6058,28cm
6059,28cm
6060,28cm
6061,75g
6062,
6063, liter
6064,"7.2 in, 18.5 cm, 4.7 in, 12 cm"
6065,"7.2 in, 18.5 cm, 4.7 in, 12 cm"
6066,90 lbs
6067,"6.2inch, 3.7inch"
6068,"6.2inch, 3.7inch"
6069,8cm
6070,8cm
6071,8cm
6072,
6073,
6074,"3.8in, 9.7cm, 3.2in"
6075,"3.8in, 9.7cm, 3.2in"
6076,260 mm
6077,"16cm, 6.29in"
6078,"16cm, 6.29in"
6079,2 lb
6080,"9.8cm, 3.86in, 14cm, 95in"
6081,40g
6082,"0.6in, 86mm, 3.4in, 25mm, 86mm, 13.4in, 0 m"
6083,"4.72 in, 12.00 cm"
6084,"4.72 in, 12.00 cm"
6085,150 cm
6086,90g
6087,
6088,18cm
6089,
6090,
6091,
6092,
6093,
6094,1lb
6095,
6096,
6097,
6098,
6099,"95 mm, 64 mm, 130 mm, 240 mm"
6100,
6101,
6102,
6103,
6104,18v
6105,"1.97inch, 16.40feet"
6106,"1.97inch, 16.40feet"
6107,"1.97inch, 16.40feet"
6108,"75mm, 134mm"
6109,"75mm, 134mm"
6110,220 mm
6111,220 mm
6112,50cm
6113,2 mg
6114,
6115,23 kg
6116,"4cm, 57in, 5.8cm, 2.28in"
6117,1 watt
6118,
6119,1 watt
6120,
6121,
6122,
6123,"267cm, 45cm, 55cm, 55cm, 168cm, 68cm"
6124,"267cm, 45cm, 55cm, 55cm, 168cm, 68cm"
6125,"7 cm, 2.75 inch, 8.25 cm, 3.25 inch, 29.3 cm, 13.8 cm, 11.5 inch, 5.4 inch"
6126,
6127,
6128,"765mm, 397mm, 467mm"
6129,"15cm, 5.9in, 21cm, 8.3in"
6130,"15cm, 5.9in, 21cm, 8.3in"
6131,
6132,220cm
6133,220cm
6134,25 cm
6135,"200 lb, 90.7 kg"
6136,"127cm, 15.2cm, 29.9cm"
6137,
6138,
6139,"7.86 in, 20.00 cm"
6140,"12cm, 4.72in, 1.38in, 37cm, 14.56in, 56cm, 22.05in, 9cm, 3.74in"
6141,
6142,
6143,
6144,
6145,
6146,
6147,
6148,600w
6149,600w
6150,250kg
6151,250kg
6152,12.24v
6153,12.24v
6154,
6155,
6156,20v
6157,20v
6158,
6159,240v
6160,240v
6161,"15.4in, 736m"
6162,"5 cm, 185 cm"
6163,"5 cm, 185 cm"
6164,"300 mm, 572mm"
6165,"35 mm, 175mm, 76 mm, 54mm"
6166,1.57 inch
6167,1.57 inch
6168,180lbs
6169,"8.6cm, 38.5cm"
6170,"8.6cm, 38.5cm"
6171,
6172,
6173,"1.5 in, 4.0 cm, 15.1 in, 38.5 cm"
6174,"1.5 in, 4.0 cm, 15.1 in, 38.5 cm"
6175,"3.54in, 9cm, 2.95in"
6176,"3.54in, 9cm, 2.95in"
6177,
6178,"4.91 in, 12.5 cm, 2.95 in, 7.5 cm"
6179,"35mm, 1.37in"
6180,"35mm, 1.37in"
6181,"35mm, 1.37in"
6182,
6183,
6184,"80 cm, 50 cm, 6 in"
6185,52oz
6186,
6187,
6188,
6189,
6190,
6191,"9.5cm, 8.2cm"
6192,"9.5cm, 8.2cm"
6193,
6194,
6195,"10 in, 25.4 cm, 6.8 in, 14in, 35.6 cm"
6196,"180mm, 655mm"
6197,"180mm, 655mm"
6198,"0.2in, 7.2in"
6199,"2.6 in, 6.5 cm"
6200,"2.6 in, 6.5 cm"
6201,100 cm
6202,100 cm
6203,17.5 cm
6204,17.5 cm
6205,"3.9inch, 100mm, 3.9inch"
6206,"3.9inch, 100mm, 3.9inch"
6207,5.5lbs
6208,"0.50cm, 22.00cm, 8.65in"
6209,"0.50cm, 22.00cm, 8.65in"
6210,
6211,
6212,"5.1 in, 13 cm, 3.0 in, 1.9 cm"
6213,"5.1 in, 13 cm, 3.0 in, 1.9 cm"
6214,"5.1 in, 13 cm, 3.0 in, 1.9 cm"
6215, ml
6216,
6217,
6218,"12cm, 6cm, 6cm, 10cm"
6219,33cm
6220,33cm
6221,5 inch
6222,5 inch
6223,"4.25inch, 4.82inch"
6224,"4.25inch, 4.82inch"
6225,"4.25inch, 4.82inch"
6226,"20ft, 10ft"
6227,"20ft, 10ft"
6228,
6229,10w
6230,
6231,
6232,
6233,"15cm, 5.9in, 21cm, 8.3in"
6234,"15cm, 5.9in, 21cm, 8.3in"
6235,"59in, 150cm"
6236,"59in, 150cm"
6237,"59in, 150cm"
6238,
6239,
6240,"4.8 in, 12.3 cm, 3.3 in, 8.4 cm, 5 in, 12.8 cm"
6241,
6242,"22 cm, 87 cm"
6243,
6244,
6245,60 in
6246,103m
6247,
6248,
6249,
6250,"35cm, 18cm"
6251,"35cm, 18cm"
6252,
6253,320lb
6254,3.8cm
6255,
6256,
6257,
6258,
6259,
6260,
6261,
6262,24.3 lb
6263,"28 cm, 11 in, 2.3 in, 6 cm, 4.3 in, 11 cm"
6264,
6265,4w
6266,4w
6267,43 cm
6268,43 cm
6269,"100kg, 10kg"
6270,
6271,"116 mm, 99 mm, 189 mm, 87 mm"
6272,"116 mm, 99 mm, 189 mm, 87 mm"
6273,"14.75cm, 13.5cm"
6274,"3.93in, 10cm"
6275,"3.93in, 10cm"
6276,"6 cm, 17 inch, 5 cm, 40 inch"
6277,"6 cm, 17 inch, 5 cm, 40 inch"
6278,"9.9kg, 12.7 kg, 20.4 kg, 27.2kg, 31.7 kg"
6279,"8.84 in, 22.5 cm, 11.0 in, 28.0 cm"
6280,"8.84 in, 22.5 cm, 11.0 in, 28.0 cm"
6281,
6282,
6283,
6284,"64inch, 21inch"
6285,"64inch, 21inch"
6286,
6287,
6288,"5 cm, 13 cm, 4 cm"
6289,1.4 oz
6290,"15cm, 7cm, 15cm"
6291,
6292,
6293,
6294,
6295,
6296,
6297,"4kg, 12kg"
6298,"8.9 in, 11.4 in"
6299,"58mm, 30cm, 20cm"
6300,"58mm, 30cm, 20cm"
6301,
6302,1300w
6303,1300w
6304, ml
6305,10inch
6306,10inch
6307,10inch
6308,"13 cm, 7.48in, 19 cm"
6309,"13 cm, 7.48in, 19 cm"
6310,
6311,"13.7cm, 0.7cm, 13.7cm, 10.6cm"
6312,"13.7cm, 0.7cm, 13.7cm, 10.6cm"
6313,
6314,
6315,
6316,
6317,"7 in, 18 cm, 3.1 in, 8 cm"
6318,"7 in, 18 cm, 3.1 in, 8 cm"
6319,"7 in, 18 cm, 3.1 in, 8 cm"
6320,"18 cm, 7.1 inch, 4 cm, 1.6 inch, 16 cm, 6.3 inch"
6321,
6322,
6323,
6324,
6325,
6326,20.5 inch
6327,20.5 inch
6328,20.5 inch
6329,
6330,"166 cm, 208 cm"
6331,"166 cm, 208 cm"
6332,
6333,
6334,"ml,  gallon"
6335,
6336,
6337,
6338,
6339,
6340,"16 in, 36.5 mm, 4 in, 70 mm"
6341,"16 in, 36.5 mm, 4 in, 70 mm"
6342,
6343,"1.4inch, 0.8inch"
6344,"1.4inch, 0.8inch"
6345,"80 cm, 60 cm"
6346,"80 cm, 60 cm"
6347,
6348,
6349,"5.9 in, 15 cm, 5.9 in, 15 cm"
6350,"5.9 in, 15 cm, 5.9 in, 15 cm"
6351,
6352,"026g, 1g"
6353,
6354,148g
6355,
6356,12v
6357,12v
6358,"16 mm, 0.6 inch"
6359,"16 mm, 0.6 inch"
6360,"16 mm, 0.6 inch"
